id,id_source,fias_id,name,region,latitude,longitude,coordinate_source,record_count,trip_count,price_count,avg_price,avg_rub_per_km,median_rub_per_km,weighted_avg_rub_per_km
4ef03615-75bd-4fdd-b767-6350984b3ad1,fias,4ef03615-75bd-4fdd-b767-6350984b3ad1,тер Производственно-административная зона Порзолово,Ленинградская область,,,cache_null,248,40180,248,99511.8548,87.0913,82.1833,76.8851
21c207c8-7ba1-4ea9-920e-6a3ad08b0fd3,fias,21c207c8-7ba1-4ea9-920e-6a3ad08b0fd3,гп Дубровка,Ленинградская область,59.847694,30.930304,cache_exact,240,38700,240,99129.9583,85.5884,79.0203,76.5269
6650c1c4-31ea-463a-a136-c4bdd6c1e5e0,fias,6650c1c4-31ea-463a-a136-c4bdd6c1e5e0,поселок Терволово,Ленинградская область,59.6665432,29.8907574,cache_exact,232,37856,232,98519.569,88.4713,80.6901,76.5994
765cbc20-351b-4645-acfa-34472f970dab,fias,765cbc20-351b-4645-acfa-34472f970dab,поселок Ларионово,Ленинградская область,61.006119,30.179604,cache_exact,252,37644,252,105904.7222,79.8579,76.6491,77.6084
8fbead84-4fdc-4317-bf64-dc0fef08dc2f,fias,8fbead84-4fdc-4317-bf64-dc0fef08dc2f,деревня Кипень,Ленинградская область,59.6827644,29.8508646,cache_exact,247,36556,247,99074.413,89.7518,83.0702,80.5867
92b8d45b-e0a2-4b25-9032-9f17dfa4c66f,fias,92b8d45b-e0a2-4b25-9032-9f17dfa4c66f,поселок Ропша,Ленинградская область,59.7321,29.8684,cache_exact,248,36104,248,100500.7258,89.8107,82.8651,80.3817
2a213780-2446-4ba6-91e3-6e6ac994a867,fias,2a213780-2446-4ba6-91e3-6e6ac994a867,поселок Пески,Ленинградская область,60.0114147,32.1420977,cache_exact,248,35948,248,102567.8226,81.6017,76.6799,77.211
9c7205ca-dfc9-4dce-99fa-226500d875eb,fias,9c7205ca-dfc9-4dce-99fa-226500d875eb,поселок Кутузовское,Ленинградская область,60.8455031,30.318234,cache_exact,248,35924,248,106187.5,81.1851,75.433,78.0181
0c87fa9a-6b31-4924-8c1c-0e6dbc9802a1,fias,0c87fa9a-6b31-4924-8c1c-0e6dbc9802a1,деревня Аропаккузи,Ленинградская область,59.677311,30.01017,cache_exact,244,35732,244,99195.0,90.3354,82.5004,81.0959
300deaa9-c677-4b8b-8a97-8e1c311f08c1,fias,300deaa9-c677-4b8b-8a97-8e1c311f08c1,деревня Узигонты,Ленинградская область,59.799992,29.885466,cache_exact,244,35680,244,100243.2787,88.5205,81.3366,78.8174
6e564b1c-cf49-432e-8f60-eb618641d2ef,fias,6e564b1c-cf49-432e-8f60-eb618641d2ef,деревня Агалатово,Ленинградская область,60.2234476,30.2745753,cache_exact,228,34708,228,98768.5088,85.8721,81.3965,74.7226
7b3bea05-858e-44b9-a5f4-b2ea010c157f,fias,7b3bea05-858e-44b9-a5f4-b2ea010c157f,массив Рахья,Ленинградская область,60.0909897,30.8371471,cache_exact,240,34204,240,99330.9583,86.2649,80.0468,79.039
27901133-846d-4914-919b-7bda53fc2bab,fias,27901133-846d-4914-919b-7bda53fc2bab,гп Рахья,Ленинградская область,60.0909897,30.8371471,cache_exact,236,34164,236,98948.5169,85.6093,79.8188,79.0132
897cad81-a442-46c1-81ef-a032325e719e,fias,897cad81-a442-46c1-81ef-a032325e719e,кв-л Лесной (деревня Лепсари),Ленинградская область,60.136716182104,30.825278547927,cache_exact,236,34164,236,97912.161,86.1547,80.3645,79.3373
8a8d3a4d-81bc-4486-84bd-66bbd744f5ff,fias,8a8d3a4d-81bc-4486-84bd-66bbd744f5ff,деревня Вартемяги,Ленинградская область,60.1815501,30.3228206,cache_exact,228,34068,228,98429.4737,85.1668,80.3348,75.2209
0ed903b7-3031-45be-b523-632293057ae4,fias,0ed903b7-3031-45be-b523-632293057ae4,гп Кузьмоловский,Ленинградская область,60.1097594,30.4925228,cache_exact,243,33659,243,99038.8889,85.471,78.1648,76.59
1585eb89-9bde-472a-b15c-dcbc1fa329db,fias,1585eb89-9bde-472a-b15c-dcbc1fa329db,поселок Волхов,Ленинградская область,59.9275868,32.3276803,cache_exact,248,33172,248,103715.0403,84.1368,77.6167,79.8993
7db77c8e-fb17-4f25-999b-95732a3baef5,fias,7db77c8e-fb17-4f25-999b-95732a3baef5,г Бугры,Ленинградская область,60.0706012,30.3946768,cache_exact,252,32955,252,96270.0794,92.1257,80.1243,77.9803
57526f74-be0c-4705-827b-31fd24230efa,fias,57526f74-be0c-4705-827b-31fd24230efa,деревня Ёксолово,Ленинградская область,59.889523,30.786793,cache_exact,232,32932,232,97013.9224,87.8627,81.6292,79.9321
5bbcc18f-8c45-413a-95ca-3319c2f5838d,fias,5bbcc18f-8c45-413a-95ca-3319c2f5838d,деревня Порошкино,Ленинградская область,60.107651,30.344772,cache_exact,240,32640,240,99044.7917,86.585,78.8807,77.1636
a4a3e3af-ce5a-4eba-9aae-36c350fa7fec,fias,a4a3e3af-ce5a-4eba-9aae-36c350fa7fec,г Выборг,Ленинградская область,60.7120663,28.7575154,cache_exact,253,32615,253,107284.0711,81.2597,78.709,78.4143
7538747b-c291-457a-bac1-68e5aff83360,fias,7538747b-c291-457a-bac1-68e5aff83360,деревня Бор,Ленинградская область,59.5941539,30.2796257,cache_exact,244,32448,244,96914.7131,86.6452,80.5102,82.2862
9318402f-09e3-43c8-b72b-c1b991500aa0,fias,9318402f-09e3-43c8-b72b-c1b991500aa0,деревня Зимитицы,Ленинградская область,59.5512833,29.1191438,cache_exact,244,32316,244,104387.9508,95.5114,77.1311,82.8276
24c8fd3a-100b-4d7b-a170-c054a2f395b9,fias,24c8fd3a-100b-4d7b-a170-c054a2f395b9,деревня Янино-2,Ленинградская область,59.935711,30.615271,cache_exact,244,32296,244,98219.5082,95.1654,81.2709,75.4973
40cd4458-b83b-4ff4-a5bf-d943a9ae6cb5,fias,40cd4458-b83b-4ff4-a5bf-d943a9ae6cb5,массив Проба,Ленинградская область,,,cache_null,240,32208,240,98539.5417,88.1228,81.0113,80.3662
001aa09a-cb0f-46b7-8609-0f27c4c5e011,fias,001aa09a-cb0f-46b7-8609-0f27c4c5e011,деревня Проба,Ленинградская область,60.099819,30.787258,cache_exact,236,32168,236,98234.661,87.4432,80.4882,80.3198
79b806cd-e36c-48fc-b82c-8cbb5cfd9450,fias,79b806cd-e36c-48fc-b82c-8cbb5cfd9450,г Сертолово,Ленинградская область,60.143707,30.207806,cache_exact,228,32076,228,97395.7895,86.1112,81.5578,76.6518
98cd19c4-e172-4fa3-a81d-7caedeec669b,fias,98cd19c4-e172-4fa3-a81d-7caedeec669b,г Кудрово,Ленинградская область,59.9083906,30.5126078,cache_exact,244,31888,244,98860.5328,98.2958,81.4344,74.2561
2481847d-4222-495d-bf27-cec9ee31baed,fias,2481847d-4222-495d-bf27-cec9ee31baed,поселок Первомайское,Ленинградская область,60.3585229,29.7403376,cache_exact,244,31184,244,102760.8197,83.75,75.4227,79.2228
894c8c23-0148-4810-9858-d3fa1c355430,fias,894c8c23-0148-4810-9858-d3fa1c355430,деревня Малая Романовка,Ленинградская область,60.036633,30.727077,cache_exact,236,31184,236,97613.5169,89.0386,80.7153,80.3822
8e329ed3-79c5-4cee-97c5-09a0f65eddc6,fias,8e329ed3-79c5-4cee-97c5-09a0f65eddc6,поселок Свердлово,Ленинградская область,60.6045959,28.8234871,cache_exact,232,31180,232,109786.8966,81.4457,78.2414,77.9872
2d65a312-1951-4206-88e7-828b3e980fff,fias,2d65a312-1951-4206-88e7-828b3e980fff,деревня Суоранда,Ленинградская область,59.9438024,30.6095642,cache_exact,240,31124,240,98324.875,96.7792,79.3443,74.865
6434dbe8-6886-48f7-8ce3-3a90288fc28f,fias,6434dbe8-6886-48f7-8ce3-3a90288fc28f,гп Янино-1,Ленинградская область,59.9485211,30.5568581,cache_exact,245,31070,245,98373.0612,98.9547,81.9549,76.5027
70c7dd11-0cfc-4feb-9b0d-236dadcb1ee3,fias,70c7dd11-0cfc-4feb-9b0d-236dadcb1ee3,деревня Лупполово,Ленинградская область,60.153778,30.270582,cache_exact,224,31064,224,97564.9107,85.5503,80.7532,75.7512
553db494-e64b-4bda-b52d-f4ac0dac0462,fias,553db494-e64b-4bda-b52d-f4ac0dac0462,деревня Самара,Ленинградская область,59.9709556,34.3780192,cache_exact,244,30856,244,103803.6066,80.7464,80.0696,76.7687
1b0b169c-5a79-48b7-b340-8b64e560f080,fias,1b0b169c-5a79-48b7-b340-8b64e560f080,деревня Новое Девяткино,Ленинградская область,60.058025,30.475435,cache_exact,230,30834,230,96902.5217,89.6239,81.7792,77.8693
1ef24331-e6d4-4d7f-8064-88b9a997791c,fias,1ef24331-e6d4-4d7f-8064-88b9a997791c,тер Южная часть промзоны Горелово,Ленинградская область,59.7809194,30.1843193,cache_exact,251,30652,251,99345.4183,95.6013,82.0372,77.2315
878aa7cc-76f0-42c8-90f5-3489f43c169c,fias,878aa7cc-76f0-42c8-90f5-3489f43c169c,г Приморск,Ленинградская область,60.3653876,28.6081212,cache_exact,236,30428,236,108170.2542,81.8628,77.9534,78.5168
3a48b53f-a717-4d52-8736-f0ad70bab54b,fias,3a48b53f-a717-4d52-8736-f0ad70bab54b,мкр Сертолово-1,Ленинградская область,60.1420161,30.218247,cache_exact,240,30264,240,98893.9167,86.9658,81.3501,78.4413
a5554286-fefd-4ae9-b846-8d21ed304c08,fias,a5554286-fefd-4ae9-b846-8d21ed304c08,деревня Новосаратовка,Ленинградская область,59.8386033,30.5356528,cache_exact,256,30093,256,98890.5078,117.3403,83.7925,79.7446
a203a874-0d05-4e12-9505-539f310849a4,fias,a203a874-0d05-4e12-9505-539f310849a4,п/р Центральное отделение,Ленинградская область,,,cache_null,241,29237,241,98910.7054,93.9882,81.8465,73.7144
9441a644-199e-4172-9234-9ad6658c7d5a,fias,9441a644-199e-4172-9234-9ad6658c7d5a,гп имени Свердлова,Ленинградская область,59.7963994,30.6558175,cache_exact,242,29070,242,97844.2975,95.1191,82.0424,75.9318
a354738c-dc1b-4871-9ed9-1df77c8b65a0,fias,a354738c-dc1b-4871-9ed9-1df77c8b65a0,деревня Томилино,Ленинградская область,60.428493,33.002235,cache_exact,244,27240,244,105839.8361,80.8779,76.0503,78.5485
a4ae9883-686b-40a9-86f4-aefb68b414d1,fias,a4ae9883-686b-40a9-86f4-aefb68b414d1,гп Рощино,Ленинградская область,60.256651,29.6051421,cache_exact,250,26569,250,102706.96,86.023,76.1206,79.8435
75eeb581-89d6-4e88-b846-34cec0707743,fias,75eeb581-89d6-4e88-b846-34cec0707743,деревня Малое Верево,Ленинградская область,59.614182,30.169657,cache_exact,232,26276,232,101541.0776,87.8177,78.0623,77.9402
2145f2cb-3ec2-4c1d-bd52-f84b2858c6a9,fias,2145f2cb-3ec2-4c1d-bd52-f84b2858c6a9,г Новая Ладога,Ленинградская область,60.1052,32.3147,cache_exact,248,26100,248,103820.4839,85.4763,79.4772,81.6709
24dbd01a-1184-4cf8-a3ba-c0bdd4852b71,fias,24dbd01a-1184-4cf8-a3ba-c0bdd4852b71,деревня Велигонты,Ленинградская область,59.793251,29.914555,cache_exact,244,26100,244,100945.9836,90.0891,80.4845,79.3184
6d13b512-6d25-413a-ab29-3d9ade960f3a,fias,6d13b512-6d25-413a-ab29-3d9ade960f3a,г Подпорожье,Ленинградская область,60.914291,34.162354,cache_exact,252,25672,252,115378.254,83.1443,79.0053,79.6559
5d74147e-3c58-4600-9169-8da0330f672b,fias,5d74147e-3c58-4600-9169-8da0330f672b,тер Северная часть промзоны Горелово,Ленинградская область,59.7827367,30.2186002,cache_exact,240,25544,240,100744.7917,92.3961,79.3193,80.5861
294c9ce2-295f-4e7c-b7f0-036cf22c2ba9,fias,294c9ce2-295f-4e7c-b7f0-036cf22c2ba9,деревня Старая Пустошь,Ленинградская область,59.9725851,30.6807049,cache_exact,224,25068,224,99681.2946,83.5528,81.6113,78.6624
063144da-2812-49ac-8fa7-0914d366551e,fias,063144da-2812-49ac-8fa7-0914d366551e,поселок Стеклянный,Ленинградская область,60.3822678,30.2393736,cache_exact,236,24760,236,102443.0932,83.0478,79.5595,77.4899
58399f33-3e18-4921-950a-ac0fa5f9e97c,fias,58399f33-3e18-4921-950a-ac0fa5f9e97c,г Каменногорск,Ленинградская область,60.9526102,29.1303401,cache_exact,240,24276,240,107468.75,75.8712,64.7848,73.7727
743d20cc-7b70-4859-95df-31db554e282a,fias,743d20cc-7b70-4859-95df-31db554e282a,село Павлово,Ленинградская область,59.8086181,30.879036,cache_exact,224,23616,224,99883.2143,84.2018,81.7531,79.4031
0a243487-acce-4775-979a-5a08e8c62da6,fias,0a243487-acce-4775-979a-5a08e8c62da6,г Пикалево,Ленинградская область,59.5193917,34.1661182,cache_exact,252,23544,252,99679.6429,83.7499,80.5991,78.9549
2e8c138f-b320-4115-8af3-7efadb511f68,fias,2e8c138f-b320-4115-8af3-7efadb511f68,деревня Малое Карлино,Ленинградская область,59.7232765,30.2682737,cache_exact,224,23504,224,102153.6607,83.0394,80.0751,78.1255
438104d1-e43e-4f9f-a42f-ff979833396f,fias,438104d1-e43e-4f9f-a42f-ff979833396f,деревня Самойлово,Ленинградская область,59.5090034,34.2597329,cache_exact,252,23428,252,99403.9286,83.8641,80.6903,79.0321
1a12dc30-ca4c-480f-89dd-31452648b493,fias,1a12dc30-ca4c-480f-89dd-31452648b493,г Бокситогорск,Ленинградская область,59.4729021,33.8489952,cache_exact,252,23368,252,100477.4603,84.9993,82.4527,80.7852
42ea1577-d345-4773-96e1-746a3f0e3ee4,fias,42ea1577-d345-4773-96e1-746a3f0e3ee4,гп Красный Бор,Ленинградская область,59.6785185,30.6840485,cache_exact,251,23231,251,98278.008,88.6958,81.855,78.0446
8e8b9677-ffe0-4522-bd68-1b128768fa30,fias,8e8b9677-ffe0-4522-bd68-1b128768fa30,г Колтуши,Ленинградская область,59.9330041,30.6548998,cache_exact,228,22956,228,100123.9912,84.8148,82.1147,79.7012
660e6dff-a44b-4360-9064-1e9fa479785e,fias,660e6dff-a44b-4360-9064-1e9fa479785e,местечко Карьер-Мяглово,Ленинградская область,59.8619562,30.6746426,cache_exact,224,22952,224,99935.0893,84.3191,81.8114,79.7315
1ece4f45-41b7-4381-9e00-5f6c6361ac21,fias,1ece4f45-41b7-4381-9e00-5f6c6361ac21,деревня Мяглово,Ленинградская область,59.889999,30.692207,cache_exact,226,22702,226,98454.7788,94.5254,82.3331,79.7644
9a3a5092-348e-4f1d-9543-35253b5c9fa4,fias,9a3a5092-348e-4f1d-9543-35253b5c9fa4,деревня Аннолово,Ленинградская область,59.634663,30.541021,cache_exact,249,21886,249,98843.494,90.6117,83.2166,78.5872
6baabc82-cb12-414e-b00e-f61374a4b6cb,fias,6baabc82-cb12-414e-b00e-f61374a4b6cb,деревня Ям-Ижора,Ленинградская область,59.700939,30.589127,cache_exact,241,21553,241,100349.917,85.0086,81.892,78.5486
8556dcea-b116-4dc0-a35c-364d3b8ab894,fias,8556dcea-b116-4dc0-a35c-364d3b8ab894,массив Рождествено,Ленинградская область,59.3194117,29.9457174,cache_exact,228,21056,228,104912.1053,86.8936,83.2063,80.9432
718ef648-aafc-4866-b515-afe87bf6de1d,fias,718ef648-aafc-4866-b515-afe87bf6de1d,деревня Выра,Ленинградская область,59.3493485,29.9600751,cache_exact,233,20631,233,104430.7725,87.9069,81.9549,81.3868
144cffd1-1d6d-46a3-a0d1-f57a4d487487,fias,144cffd1-1d6d-46a3-a0d1-f57a4d487487,деревня Низино,Ленинградская область,59.83369,29.87759,cache_exact,248,20348,248,103672.4597,90.3322,81.7793,82.4098
18c52730-daf5-4ecb-83a5-cf3bcecbfd8c,fias,18c52730-daf5-4ecb-83a5-cf3bcecbfd8c,поселок Пудость,Ленинградская область,59.618454,30.039871,cache_exact,229,19993,229,103488.1659,90.4334,83.2829,79.0008
1667a6fb-e5ae-43d5-b00a-7d7249a56cf4,fias,1667a6fb-e5ae-43d5-b00a-7d7249a56cf4,гп Толмачево,Ленинградская область,58.8621883,29.9018126,cache_exact,224,19912,224,105695.625,92.7092,82.0389,86.7497
6c86f6dd-57cb-43bb-80d3-b27e7a573d32,fias,6c86f6dd-57cb-43bb-80d3-b27e7a573d32,поселок Плоское,Ленинградская область,58.8212673,29.9574814,cache_exact,224,19912,224,105801.4286,92.5125,82.0046,86.6012
103454e7-358f-4d78-8ee9-b1bb01d767d0,fias,103454e7-358f-4d78-8ee9-b1bb01d767d0,поселок Елизаветино,Ленинградская область,59.491734,29.791506,cache_exact,232,19672,232,104027.9741,87.8938,81.5478,81.5597
a69e1fe5-684d-4997-8ac8-c1694f8c1871,fias,a69e1fe5-684d-4997-8ac8-c1694f8c1871,поселок Сосново,Ленинградская область,60.5570987,30.2540609,cache_exact,129,19535,129,101171.2403,87.7864,83.7228,83.5877
86ec26f6-d980-4c40-b4ce-77e1638ec8ad,fias,86ec26f6-d980-4c40-b4ce-77e1638ec8ad,г Тихвин,Ленинградская область,59.644323,33.5418624,cache_exact,252,19430,252,96619.3254,88.4002,85.6832,80.9856
1945cdaf-6a79-4ace-b42a-eda819d3e7e8,fias,1945cdaf-6a79-4ace-b42a-eda819d3e7e8,деревня Шундорово,Ленинградская область,59.6369494,29.6013396,cache_exact,228,19028,228,104368.4211,91.5978,79.3333,81.402
758b0ebf-8b63-405d-8f12-177461ab5a31,fias,758b0ebf-8b63-405d-8f12-177461ab5a31,гп Мга,Ленинградская область,59.749312,31.0561437,cache_exact,251,18817,251,97263.2669,84.9849,81.9454,78.1995
165119d1-6555-4473-8b90-46ec517b4076,fias,165119d1-6555-4473-8b90-46ec517b4076,г Тосно,Ленинградская область,59.5451056,30.8695174,cache_exact,247,18790,247,97305.0202,87.0048,82.5216,77.9528
67abcf73-502d-4be8-850d-cede0b4022ef,fias,67abcf73-502d-4be8-850d-cede0b4022ef,деревня Большие Колпаны,Ленинградская область,59.5235168,30.070128,cache_exact,228,18396,228,104227.3246,89.4152,83.5212,82.1524
6d0bcb5c-9df2-48a2-bac6-fa0f3e8baf1e,fias,6d0bcb5c-9df2-48a2-bac6-fa0f3e8baf1e,поселок Войсковицы,Ленинградская область,59.5205266,29.9697681,cache_exact,228,18388,228,104248.6404,88.922,83.429,81.8536
0aac0ee1-9e4a-44ca-889f-b3510ab9fcdf,fias,0aac0ee1-9e4a-44ca-889f-b3510ab9fcdf,деревня Малые Колпаны,Ленинградская область,59.54129,30.079571,cache_exact,228,18380,228,104063.6404,88.7431,83.4805,81.9321
17cecc8c-1ac1-4086-b88d-8dc2a54e8b38,fias,17cecc8c-1ac1-4086-b88d-8dc2a54e8b38,поселок Торфяное,Ленинградская область,59.550266,30.170044,cache_exact,224,18328,224,102750.8036,85.6704,83.6156,81.5204
43cb88de-fa89-4027-b3ef-84deb2d32ce5,fias,43cb88de-fa89-4027-b3ef-84deb2d32ce5,г Никольское,Ленинградская область,59.7034799,30.7861084,cache_exact,240,18196,240,95824.125,89.0221,82.5399,79.5885
0540b577-dc2b-4a72-a80a-9da447509e2b,fias,0540b577-dc2b-4a72-a80a-9da447509e2b,поселок Пригородный,Ленинградская область,59.5400642,30.1450392,cache_exact,219,17898,219,103488.5388,84.1341,82.0361,80.5828
459dca99-04ff-44fb-af9f-7e2100ec28ac,fias,459dca99-04ff-44fb-af9f-7e2100ec28ac,г Коммунар,Ленинградская область,59.6320186,30.4150022,cache_exact,239,17803,239,97891.9247,87.9439,81.7741,82.4388
7be8f0b5-87ee-4597-8910-55d1ba108143,fias,7be8f0b5-87ee-4597-8910-55d1ba108143,деревня Новолисино,Ленинградская область,59.567509,30.770937,cache_exact,244,17712,244,96909.877,87.1592,83.3959,78.6718
554a3a96-63bd-4eee-ac94-eb7e87723da4,fias,554a3a96-63bd-4eee-ac94-eb7e87723da4,гп Ульяновка,Ленинградская область,59.6405558,30.7659561,cache_exact,240,17624,240,96558.4583,88.0878,82.6211,78.8319
856a5b3f-01ed-44c5-8fa0-2b0b9087830f,fias,856a5b3f-01ed-44c5-8fa0-2b0b9087830f,гп имени Морозова,Ленинградская область,59.9739296,31.0403667,cache_exact,224,17448,224,102020.8482,85.4112,83.3294,81.1084
5f52edf9-92aa-4e69-9314-e629c45ec1d5,fias,5f52edf9-92aa-4e69-9314-e629c45ec1d5,г Лодейное Поле,Ленинградская область,60.7339323,33.5457731,cache_exact,252,16820,252,112036.3095,80.0386,80.7978,74.9918
5a543514-a133-431c-919e-8a61c2261783,fias,5a543514-a133-431c-919e-8a61c2261783,г Шлиссельбург,Ленинградская область,59.9405513,31.0400941,cache_exact,225,16758,225,102640.8,85.4329,83.5382,83.0193
a1535e5e-c151-431a-a4c4-954d4545e37a,fias,a1535e5e-c151-431a-a4c4-954d4545e37a,г Кировск,Ленинградская область,59.8813954,30.9855331,cache_exact,248,16632,248,104479.7984,88.9115,80.984,81.0984
52da70f1-08b0-4b4c-9d22-d67a62bc2aa5,fias,52da70f1-08b0-4b4c-9d22-d67a62bc2aa5,г Кириши,Ленинградская область,59.4525148,32.0349838,cache_exact,260,16560,260,98089.6154,88.5393,79.7046,84.7229
50e5b018-358f-4bfa-8c59-827e213d5764,fias,50e5b018-358f-4bfa-8c59-827e213d5764,поселок Оредеж,Ленинградская область,58.814972,30.336683,cache_exact,248,16468,248,102883.1855,86.5558,87.7432,85.5212
8417e81e-2205-4c93-a8bd-1fd2cbc97c04,fias,8417e81e-2205-4c93-a8bd-1fd2cbc97c04,деревня Бор,Ленинградская область,59.5941539,30.2796257,cache_exact,248,16464,248,98237.5403,87.2379,78.1777,83.4152
366e3ffc-89e5-4334-aba9-63ac643464a5,fias,366e3ffc-89e5-4334-aba9-63ac643464a5,деревня Коркино,Ленинградская область,59.930489,30.717886,cache_exact,244,15772,244,97062.7869,89.4239,81.7745,81.4781
3d024505-fbb8-4b87-ae77-89bd7ac79258,fias,3d024505-fbb8-4b87-ae77-89bd7ac79258,деревня Мелехово,Ленинградская область,59.3714492,31.8145547,cache_exact,240,15704,240,96977.5417,86.3779,78.1131,80.3547
04ad058c-cf95-40c1-8983-283b946a45f2,fias,04ad058c-cf95-40c1-8983-283b946a45f2,деревня Захонье,Ленинградская область,58.968292,29.368509,cache_exact,228,15128,228,112528.9474,100.2245,85.2831,81.0345
59a9c284-72fb-49e6-8380-10ca044d0bd7,fias,59a9c284-72fb-49e6-8380-10ca044d0bd7,г Приозерск,Ленинградская область,61.0385285,30.1248482,cache_exact,240,15116,240,109614.0417,80.8636,75.9159,70.8611
16a06c55-d7c2-42e9-966a-f7fbdfd7632e,fias,16a06c55-d7c2-42e9-966a-f7fbdfd7632e,поселок Алексеевка,Ленинградская область,59.512058,29.768866,cache_exact,240,14508,240,115409.4167,104.3453,81.0616,80.5659
77837ef2-428b-4a6b-ab26-750e1e9327e7,fias,77837ef2-428b-4a6b-ab26-750e1e9327e7,деревня Бор,Ленинградская область,59.5941539,30.2796257,cache_exact,212,14204,212,105458.2547,87.0118,78.7856,78.7365
10b761cb-8804-446e-b960-c9c4c132495a,fias,10b761cb-8804-446e-b960-c9c4c132495a,деревня Ополье,Ленинградская область,59.439026,28.827503,cache_exact,240,13764,240,114795.875,106.466,81.2316,80.9415
a82ba7ec-d662-484e-8059-66a834bc3015,fias,a82ba7ec-d662-484e-8059-66a834bc3015,массив Щеглово,Ленинградская область,60.0328029,30.7498885,cache_exact,92,13232,92,90089.8913,106.8069,88.9786,90.3062
2cb032f4-7088-4ff6-aeca-3476d2710df6,fias,2cb032f4-7088-4ff6-aeca-3476d2710df6,деревня Косколово,Ленинградская область,59.669937,28.4523174,cache_exact,224,12096,224,118509.2857,92.9824,79.4764,76.3846
6df13b2d-711f-4c31-abfe-ca1636ace486,fias,6df13b2d-711f-4c31-abfe-ca1636ace486,деревня Куровицы,Ленинградская область,59.391697,30.139345,cache_exact,216,11844,216,118585.1852,93.2494,81.5244,76.3122
752d9929-945c-4464-ae38-20a626108da9,fias,752d9929-945c-4464-ae38-20a626108da9,г Ивангород,Ленинградская область,59.3744139,28.2192542,cache_exact,220,11844,220,118157.4545,93.7503,81.3808,76.4261
ab287028-29c0-4fb9-bcb7-fc44ffd4b4ac,fias,ab287028-29c0-4fb9-bcb7-fc44ffd4b4ac,деревня Разбегаево,Ленинградская область,59.7887736,29.9321054,cache_exact,64,10908,64,95183.75,101.4326,92.5248,82.7498
a928489e-6b6e-4cee-a1b1-8166238c6cd2,fias,a928489e-6b6e-4cee-a1b1-8166238c6cd2,деревня Пески,Ленинградская область,60.0114147,32.1420977,cache_exact,68,9876,68,98182.0588,114.55,77.0549,82.6769
a7de8a21-caf5-4011-a44f-6bb22f765d42,fias,a7de8a21-caf5-4011-a44f-6bb22f765d42,гп Форносово,Ленинградская область,59.5698032,30.5489639,cache_exact,108,6268,108,94965.2778,98.3342,95.5208,82.6262
b3233f8e-41fe-44a9-a3d4-891ccc5ef943,fias,b3233f8e-41fe-44a9-a3d4-891ccc5ef943,поселок Ермилово,Ленинградская область,60.3599356,28.7643421,cache_exact,44,5664,44,112955.6818,83.0614,94.7327,88.0329
bd52d0bd-e679-4adf-b8f5-3c9effdaf3ad,fias,bd52d0bd-e679-4adf-b8f5-3c9effdaf3ad,деревня Новосергиевка,Ленинградская область,59.9067522,30.5542664,cache_exact,24,5180,24,109220.8333,87.901,88.1406,59.0325
ad8c8e4d-38c7-4993-9f38-4c26fb384675,fias,ad8c8e4d-38c7-4993-9f38-4c26fb384675,деревня Никольское,Ленинградская область,59.7080141,30.7839671,cache_exact,52,5108,52,97494.6154,98.0779,99.9544,87.8188
c0baa3bb-d8f7-497a-9193-3ed2b3c9dab2,fias,c0baa3bb-d8f7-497a-9193-3ed2b3c9dab2,деревня Заневка,Ленинградская область,59.938053,30.513084,cache_exact,20,4776,20,114573.5,84.3592,72.0533,55.0534
a7a1a8e5-45b2-4542-b718-0976702ccd90,fias,a7a1a8e5-45b2-4542-b718-0976702ccd90,г Сланцы,Ленинградская область,59.11726,28.086979,cache_exact,85,4266,85,128622.5882,93.835,79.4573,89.9955
b2f908fc-0772-4006-bbea-cf7dc5b406c0,fias,b2f908fc-0772-4006-bbea-cf7dc5b406c0,гп Лесогорский,Ленинградская область,61.0500227,28.928694,cache_exact,65,3966,65,103473.3846,79.0548,62.9654,80.0405
aa51eb68-bde3-4251-81d5-4ae6e397d3da,fias,aa51eb68-bde3-4251-81d5-4ae6e397d3da,гп Кузнечное,Ленинградская область,61.1211675,29.8730838,cache_exact,68,3724,68,106245.8824,87.9561,90.7889,81.5145
b2fa82b5-f00b-4565-8e86-e319e1e6e6ca,fias,b2fa82b5-f00b-4565-8e86-e319e1e6e6ca,поселок Романовка,Ленинградская область,59.6131454,30.2047476,cache_exact,44,3584,44,83883.8636,132.0329,100.4977,108.8458
c70a5280-c482-4f6e-801a-cdd6851eab50,fias,c70a5280-c482-4f6e-801a-cdd6851eab50,г Всеволожск,Ленинградская область,60.024006,30.646042,cache_exact,34,2899,34,105124.1176,126.1272,96.9519,121.3904
b49ae2f7-8aa4-43e0-87e7-26c6b39d318d,fias,b49ae2f7-8aa4-43e0-87e7-26c6b39d318d,промзона Северная часть Горелово,Ленинградская область,,,cache_null,36,2500,36,111065.2778,86.6346,75.5237,98.1415
c15dbe72-d304-43e8-a557-899aa226739d,fias,c15dbe72-d304-43e8-a557-899aa226739d,деревня Курск,Ленинградская область,59.3233424,29.1400732,cache_exact,20,2252,20,113573.5,89.1196,95.1243,90.1645
f59186fa-b4db-4b2d-88b9-e3fde4a90690,fias,f59186fa-b4db-4b2d-88b9-e3fde4a90690,г Сясьстрой,Ленинградская область,60.1397073,32.5637502,cache_exact,8,2004,8,101853.75,94.254,93.9031,91.9575
d4789972-b71d-4e70-9af8-f4acfcf80c71,fias,d4789972-b71d-4e70-9af8-f4acfcf80c71,г Светогорск,Ленинградская область,61.1112542,28.8701036,cache_exact,17,1960,17,98798.2353,86.781,91.8027,93.6562
d77089df-c8ed-464d-a26b-69ce42383a0f,fias,d77089df-c8ed-464d-a26b-69ce42383a0f,г Волхов,Ленинградская область,59.9275868,32.3276803,cache_exact,16,1959,16,98364.375,99.5936,92.9434,101.3292
be1c0232-5c0a-4234-98b3-56a990f585e9,fias,be1c0232-5c0a-4234-98b3-56a990f585e9,деревня Таменгонт,Ленинградская область,59.88163,29.55001,cache_exact,32,1952,32,120177.5,89.7296,91.4316,82.5676
bca11ea6-0773-42a6-9a49-ec8bc4cf63d5,fias,bca11ea6-0773-42a6-9a49-ec8bc4cf63d5,деревня Лаголово,Ленинградская область,59.70433,30.01757,cache_exact,28,1628,28,102734.6429,94.9881,105.1517,102.1551
f4a4b31f-9f0a-4fdb-804c-d67661085eb4,fias,f4a4b31f-9f0a-4fdb-804c-d67661085eb4,г Сосновый Бор,Ленинградская область,59.9024318,29.0663694,cache_exact,12,1563,12,81960.8333,128.8689,99.956,109.0097
b1f2ce65-7a65-4acf-9206-d8e7ba67c3e1,fias,b1f2ce65-7a65-4acf-9206-d8e7ba67c3e1,массив Пудость,Ленинградская область,59.6158472,30.0461933,cache_exact,32,1292,32,114506.5625,116.7915,89.553,104.2792
d0433df5-fa04-4c32-8baa-52739c09f235,fias,d0433df5-fa04-4c32-8baa-52739c09f235,поселок Новогорелово,Ленинградская область,59.793998901636,30.17051111449,cache_exact,8,1272,8,115363.75,84.1907,83.6933,96.7188
d9135f5d-627e-441d-b208-9087ee0367dd,fias,d9135f5d-627e-441d-b208-9087ee0367dd,г Луга,Ленинградская область,58.735699,29.8475013,cache_exact,15,1272,15,92660.0,95.7286,89.5059,104.6184
d193a2f8-4ea1-406a-ba9a-698ae19caeb7,fias,d193a2f8-4ea1-406a-ba9a-698ae19caeb7,г Гатчина,Ленинградская область,59.5680407,30.1252083,cache_exact,22,1245,22,126432.2727,110.9889,67.4294,151.5277
ef14bc6b-dd76-4264-bb40-c0fd8a60985b,fias,ef14bc6b-dd76-4264-bb40-c0fd8a60985b,г Кингисепп,Ленинградская область,59.3743982,28.5981591,cache_exact,11,1175,11,84779.0909,124.853,110.6174,106.6293
f25d6f40-8448-4500-a419-20072912d8d4,fias,f25d6f40-8448-4500-a419-20072912d8d4,гп Новоселье,Ленинградская область,59.0192914,29.0604699,cache_exact,6,1015,6,78905.0,105.3277,105.6025,105.3368
ba1f26a7-0b32-4bc4-a718-b732efb72509,fias,ba1f26a7-0b32-4bc4-a718-b732efb72509,деревня Потанино,Ленинградская область,60.2707397,32.7759246,cache_exact,32,932,32,106888.125,95.4386,102.4853,89.4191
c25e2d4b-38f5-4370-9ece-c9a63051faea,fias,c25e2d4b-38f5-4370-9ece-c9a63051faea,массив Стеклянный,Ленинградская область,60.38443,30.238672,cache_exact,12,908,12,83853.3333,91.919,100.2435,89.1572
d93f5974-bef7-411c-b34d-32e4e9f5bf81,fias,d93f5974-bef7-411c-b34d-32e4e9f5bf81,тер промышленная зона Лесное (поселок Лесное),Ленинградская область,60.379234629548,30.203048925571,cache_exact,8,856,8,118066.25,81.4055,80.9328,89.6014
dfba722d-1a54-49a3-826d-52ac8e0be2fa,fias,dfba722d-1a54-49a3-826d-52ac8e0be2fa,деревня Городище (Цвылевское с/п),Ленинградская область,59.64582260787,33.021995831304,cache_exact,8,852,8,133196.25,78.2379,77.8349,85.8022
dbf26986-2a4a-46ca-8508-cafe72ca2f05,fias,dbf26986-2a4a-46ca-8508-cafe72ca2f05,тер Логистический Парк Янино (гп Янино-1),Ленинградская область,59.9485211,30.5568581,cache_exact,8,840,8,102588.75,78.968,78.4178,77.9368
e0775ae9-f9b4-4c83-a13b-13e92b2a0726,fias,e0775ae9-f9b4-4c83-a13b-13e92b2a0726,поселок Курск,Ленинградская область,59.3233424,29.1400732,cache_exact,8,840,8,108063.75,102.7757,102.3764,94.9414
d73506c5-015c-4c39-929a-696ea8144e16,fias,d73506c5-015c-4c39-929a-696ea8144e16,г Мурино,Ленинградская область,60.046193,30.4458901,cache_exact,8,784,8,109552.5,80.7868,80.2693,81.2693
f574ab03-a535-42ae-a1d1-2bfa4f4855eb,fias,f574ab03-a535-42ae-a1d1-2bfa4f4855eb,промзона Большевик (деревня Разбегаево),Ленинградская область,59.7887302,29.9322415,cache_exact,9,766,9,112566.6667,101.0715,103.782,102.8336
e398b8cf-6336-4ef4-ba7e-3d1a2fc32cc6,fias,e398b8cf-6336-4ef4-ba7e-3d1a2fc32cc6,тер СНТ Усть-Луга,Ленинградская область,59.6569233,28.252801,cache_exact,10,763,10,193773.0,95.6765,93.0708,90.3508
ce995805-0182-4f6b-870c-050845e5cabc,fias,ce995805-0182-4f6b-870c-050845e5cabc,село Копорье,Ленинградская область,59.7046072,29.0452097,cache_exact,8,720,8,201618.75,103.2902,102.919,97.8243
eb8a9d09-6728-43fe-b3d1-21a2c804b40c,fias,eb8a9d09-6728-43fe-b3d1-21a2c804b40c,г Волосово,Ленинградская область,59.4443938,29.4925158,cache_exact,4,716,4,127385.0,97.7629,98.0545,97.7629
e4e3bd19-68d9-4048-9a95-852b30429dc6,fias,e4e3bd19-68d9-4048-9a95-852b30429dc6,деревня Лужицы,Ленинградская область,59.654644,28.341923,cache_exact,12,660,12,172169.1667,109.4662,108.8705,93.3504
f0a4b813-7189-4bd4-8a3a-aaa7fbed4711,fias,f0a4b813-7189-4bd4-8a3a-aaa7fbed4711,г Высоцк,Ленинградская область,60.6280319,28.5688339,cache_exact,10,659,10,95865.0,72.604,63.1699,92.2198
e9a45e39-d66b-445a-b971-999a22a23cd6,fias,e9a45e39-d66b-445a-b971-999a22a23cd6,поселок Усть-Луга,Ленинградская область,59.659244,28.2695087,cache_exact,10,652,10,101179.0,116.5421,108.2431,92.9352
d27339d4-b089-46fb-a52b-53b69f518ee1,fias,d27339d4-b089-46fb-a52b-53b69f518ee1,деревня Вистино,Ленинградская область,59.7736359,28.4759331,cache_exact,8,648,8,204727.5,100.5017,100.1111,92.597
d2122ebe-c718-4215-bc2f-088e24d2c498,fias,d2122ebe-c718-4215-bc2f-088e24d2c498,деревня Горбунки,Ленинградская область,59.81423,29.98608,cache_exact,8,608,8,130013.75,89.2935,88.8605,103.4458
c90b9fd4-f0ad-4a04-8473-5e81fe1a0333,fias,c90b9fd4-f0ad-4a04-8473-5e81fe1a0333,поселок Щеглово,Ленинградская область,60.0328029,30.7498885,cache_exact,9,596,9,103678.8889,95.9988,74.6184,73.5209
ff801571-d9df-4152-8e73-036260754938,fias,ff801571-d9df-4152-8e73-036260754938,тер Промышленная зона Пески,Ленинградская область,60.090190747547,32.297451374954,cache_exact,5,569,5,64240.0,186.523,105.4759,105.8223
c4602384-ff62-4e0f-bf4b-06a5c653702b,fias,c4602384-ff62-4e0f-bf4b-06a5c653702b,г Отрадное,Ленинградская область,59.772663,30.802027,cache_exact,12,512,12,120213.3333,90.0693,77.398,70.8313
c207228b-6e5d-4670-bc25-2af932a4bd8f,fias,c207228b-6e5d-4670-bc25-2af932a4bd8f,г Тельмана,Ленинградская область,59.7254418,30.6118568,cache_exact,16,468,16,110585.0,98.2101,96.9873,76.6184
e5c62df7-a3cb-457e-872c-995db0a25e44,fias,e5c62df7-a3cb-457e-872c-995db0a25e44,поселок Ковалево,Ленинградская область,60.1853296,32.3925325,cache_exact,4,400,4,77085.0,104.5929,104.905,104.5929
cd34cb78-d641-4906-94cb-4d98474dd25c,fias,cd34cb78-d641-4906-94cb-4d98474dd25c,деревня Пикколово,Ленинградская область,59.702312,30.136545,cache_exact,5,281,5,91022.0,72.907,75.2205,74.9974
d5987224-1336-425a-9681-9d5579e9ab89,fias,d5987224-1336-425a-9681-9d5579e9ab89,гп Сиверский,Ленинградская область,59.3522,30.07,cache_exact,13,215,13,132212.3077,88.155,96.1306,66.203
ee598bbe-20c2-46f3-9e1a-13cfef927346,fias,ee598bbe-20c2-46f3-9e1a-13cfef927346,гп Фёдоровское,Ленинградская область,59.6628099,30.5310899,cache_exact,10,206,10,83409.0,99.217,107.6052,113.0979
e2f0a5d4-b2e7-4058-adec-3922c0b22450,fias,e2f0a5d4-b2e7-4058-adec-3922c0b22450,деревня Красный Бор,Ленинградская область,59.6785185,30.6840485,cache_exact,4,192,4,149555.0,84.0197,84.2697,84.0197
d9576313-8e0b-424a-9694-05cb4117b1d1,fias,d9576313-8e0b-424a-9694-05cb4117b1d1,гп Вырица,Ленинградская область,59.4197011,30.3582214,cache_exact,8,176,8,147313.75,87.4064,86.9065,67.6842
c2d46706-277c-49fd-a896-7903ce930860,fias,c2d46706-277c-49fd-a896-7903ce930860,гп Синявино,Ленинградская область,59.9075049,31.0728782,cache_exact,4,56,4,71150.0,94.4887,94.7676,94.4887
d64c8bf5-6770-4621-853c-358a40e84980,fias,d64c8bf5-6770-4621-853c-358a40e84980,деревня Углово,Ленинградская область,60.0680109,30.7331907,cache_exact,4,40,4,95907.5,127.7064,128.0892,127.7064
f8e86fdf-e957-431e-8446-7009b4b5d2d6,fias,f8e86fdf-e957-431e-8446-7009b4b5d2d6,деревня Лепсари,Ленинградская область,60.13525,30.823935,cache_exact,4,40,4,96727.5,127.273,127.6513,127.273
cda96dc0-75b2-411b-b995-16cc63fcfa05,fias,cda96dc0-75b2-411b-b995-16cc63fcfa05,г Любань,Ленинградская область,59.3482192,31.2464199,cache_exact,8,32,8,154810.0,93.4524,92.9896,81.5031
c671e577-10a3-45e9-bad6-c93ceccf8887,fias,c671e577-10a3-45e9-bad6-c93ceccf8887,поселок Возрождение,Ленинградская область,60.8605,28.9617,cache_exact,8,16,8,104818.75,87.505,86.9604,99.8213
e48a1d26-f32a-4b9c-8aed-a1c40277191d,fias,e48a1d26-f32a-4b9c-8aed-a1c40277191d,поселок Аннино,Ленинградская область,59.771225,30.051805,cache_exact,4,12,4,183757.5,74.5769,74.7991,74.5769
c9b13889-74ec-4b1a-a730-c7c22419895e,fias,c9b13889-74ec-4b1a-a730-c7c22419895e,деревня Разметелево,Ленинградская область,59.901928,30.679068,cache_exact,4,4,4,84365.0,115.5685,115.911,115.5685
e1f3d0b7-d623-4dc8-9994-5064f528aa0d,fias,e1f3d0b7-d623-4dc8-9994-5064f528aa0d,массив Карьер Мяглово,Ленинградская область,59.854456529866,30.672914989572,cache_exact,4,4,4,84610.0,115.4297,115.7708,115.4297
f81867d5-89c2-40a2-a5ab-7873964affb1,fias,f81867d5-89c2-40a2-a5ab-7873964affb1,поселок Кикерино,Ленинградская область,59.4663815,29.6276066,cache_exact,4,4,4,133545.0,107.6108,107.9331,107.6108
