destination_fias,destination_name,period_id,cluster_id,route_length,weight,actual_price,regional_rub_per_km,cluster_rub_per_km,regional_prediction,cluster_prediction
6434dbe8-6886-48f7-8ce3-3a90288fc28f,гп Янино-1,202611,2,4077.0,626,175630.0,42.95164872612616,42.56715442733584,175113.87185641634,173546.28860024823
6434dbe8-6886-48f7-8ce3-3a90288fc28f,гп Янино-1,202610,2,4077.0,626,176510.0,42.95164872612616,42.56715442733584,175113.87185641634,173546.28860024823
6434dbe8-6886-48f7-8ce3-3a90288fc28f,гп Янино-1,202609,2,4077.0,626,175430.0,42.95164872612616,42.56715442733584,175113.87185641634,173546.28860024823
42ea1577-d345-4773-96e1-746a3f0e3ee4,гп Красный Бор,202611,1,4044.0,43,179570.0,42.95164872612616,43.46786741671125,173696.46744845418,175784.0558331803
42ea1577-d345-4773-96e1-746a3f0e3ee4,гп Красный Бор,202610,1,4044.0,43,180470.0,42.95164872612616,43.46786741671125,173696.46744845418,175784.0558331803
42ea1577-d345-4773-96e1-746a3f0e3ee4,гп Красный Бор,202609,1,4044.0,43,179370.0,42.95164872612616,43.46786741671125,173696.46744845418,175784.0558331803
660e6dff-a44b-4360-9064-1e9fa479785e,местечко Карьер-Мяглово,202611,2,3889.0,334,170640.0,42.95164872612616,42.56715442733584,167038.96189590462,165543.6635679091
660e6dff-a44b-4360-9064-1e9fa479785e,местечко Карьер-Мяглово,202610,2,3889.0,334,171500.0,42.95164872612616,42.56715442733584,167038.96189590462,165543.6635679091
660e6dff-a44b-4360-9064-1e9fa479785e,местечко Карьер-Мяглово,202609,2,3889.0,334,170440.0,42.95164872612616,42.56715442733584,167038.96189590462,165543.6635679091
7b3bea05-858e-44b9-a5f4-b2ea010c157f,массив Рахья,202611,2,4128.0,626,177670.0,42.95164872612616,42.56715442733584,177304.4059414488,175717.21347604235
7b3bea05-858e-44b9-a5f4-b2ea010c157f,массив Рахья,202610,2,4128.0,626,178570.0,42.95164872612616,42.56715442733584,177304.4059414488,175717.21347604235
7b3bea05-858e-44b9-a5f4-b2ea010c157f,массив Рахья,202609,2,4128.0,626,177470.0,42.95164872612616,42.56715442733584,177304.4059414488,175717.21347604235
438104d1-e43e-4f9f-a42f-ff979833396f,деревня Самойлово,202611,0,3673.0,148,194350.0,42.95164872612616,50.86689302030282,157761.40577106137,186834.09806357225
438104d1-e43e-4f9f-a42f-ff979833396f,деревня Самойлово,202610,0,3673.0,148,195330.0,42.95164872612616,50.86689302030282,157761.40577106137,186834.09806357225
438104d1-e43e-4f9f-a42f-ff979833396f,деревня Самойлово,202609,0,3673.0,148,194130.0,42.95164872612616,50.86689302030282,157761.40577106137,186834.09806357225
5bbcc18f-8c45-413a-95ca-3319c2f5838d,деревня Порошкино,202611,2,4101.0,626,176590.0,42.95164872612616,42.56715442733584,176144.7114258434,174567.9003065043
5bbcc18f-8c45-413a-95ca-3319c2f5838d,деревня Порошкино,202610,2,4101.0,626,177480.0,42.95164872612616,42.56715442733584,176144.7114258434,174567.9003065043
5bbcc18f-8c45-413a-95ca-3319c2f5838d,деревня Порошкино,202609,2,4101.0,626,176390.0,42.95164872612616,42.56715442733584,176144.7114258434,174567.9003065043
294c9ce2-295f-4e7c-b7f0-036cf22c2ba9,деревня Старая Пустошь,202611,2,3896.0,334,170920.0,42.95164872612616,42.56715442733584,167339.62343698752,165841.63364890046
294c9ce2-295f-4e7c-b7f0-036cf22c2ba9,деревня Старая Пустошь,202610,2,3896.0,334,171780.0,42.95164872612616,42.56715442733584,167339.62343698752,165841.63364890046
294c9ce2-295f-4e7c-b7f0-036cf22c2ba9,деревня Старая Пустошь,202609,2,3896.0,334,170730.0,42.95164872612616,42.56715442733584,167339.62343698752,165841.63364890046
a354738c-dc1b-4871-9ed9-1df77c8b65a0,деревня Томилино,202611,5,4041.0,334,176820.0,42.95164872612616,46.91797443649275,173567.61250227582,189595.5346978672
a354738c-dc1b-4871-9ed9-1df77c8b65a0,деревня Томилино,202610,5,4041.0,334,177710.0,42.95164872612616,46.91797443649275,173567.61250227582,189595.5346978672
a354738c-dc1b-4871-9ed9-1df77c8b65a0,деревня Томилино,202609,5,4041.0,334,176620.0,42.95164872612616,46.91797443649275,173567.61250227582,189595.5346978672
2481847d-4222-495d-bf27-cec9ee31baed,поселок Первомайское,202611,4,3939.0,626,170100.0,42.95164872612616,42.36403067181362,169186.54433221093,166871.91681627385
2481847d-4222-495d-bf27-cec9ee31baed,поселок Первомайское,202610,4,3939.0,626,170960.0,42.95164872612616,42.36403067181362,169186.54433221093,166871.91681627385
2481847d-4222-495d-bf27-cec9ee31baed,поселок Первомайское,202609,4,3939.0,626,169910.0,42.95164872612616,42.36403067181362,169186.54433221093,166871.91681627385
9c7205ca-dfc9-4dce-99fa-226500d875eb,поселок Кутузовское,202611,6,4015.0,626,173150.0,42.95164872612616,42.33455503403619,172450.86963539652,169973.2384616553
9c7205ca-dfc9-4dce-99fa-226500d875eb,поселок Кутузовское,202610,6,4015.0,626,174020.0,42.95164872612616,42.33455503403619,172450.86963539652,169973.2384616553
9c7205ca-dfc9-4dce-99fa-226500d875eb,поселок Кутузовское,202609,6,4015.0,626,172950.0,42.95164872612616,42.33455503403619,172450.86963539652,169973.2384616553
16a06c55-d7c2-42e9-966a-f7fbdfd7632e,поселок Алексеевка,202611,1,3968.0,4,209180.0,42.95164872612616,43.46786741671125,170432.1421452686,172480.49790951025
16a06c55-d7c2-42e9-966a-f7fbdfd7632e,поселок Алексеевка,202610,1,3968.0,4,210230.0,42.95164872612616,43.46786741671125,170432.1421452686,172480.49790951025
16a06c55-d7c2-42e9-966a-f7fbdfd7632e,поселок Алексеевка,202609,1,3968.0,4,208940.0,42.95164872612616,43.46786741671125,170432.1421452686,172480.49790951025
a1535e5e-c151-431a-a4c4-954d4545e37a,г Кировск,202611,2,4102.0,224,191440.0,42.95164872612616,42.56715442733584,176187.66307456951,174610.46746093163
a1535e5e-c151-431a-a4c4-954d4545e37a,г Кировск,202610,2,4102.0,224,192400.0,42.95164872612616,42.56715442733584,176187.66307456951,174610.46746093163
a1535e5e-c151-431a-a4c4-954d4545e37a,г Кировск,202609,2,4102.0,224,191220.0,42.95164872612616,42.56715442733584,176187.66307456951,174610.46746093163
a4a3e3af-ce5a-4eba-9aae-36c350fa7fec,г Выборг,202611,4,4205.0,626,180760.0,42.95164872612616,42.36403067181362,180611.6828933605,178140.74897497628
a4a3e3af-ce5a-4eba-9aae-36c350fa7fec,г Выборг,202610,4,4205.0,626,181660.0,42.95164872612616,42.36403067181362,180611.6828933605,178140.74897497628
a4a3e3af-ce5a-4eba-9aae-36c350fa7fec,г Выборг,202609,4,4205.0,626,180550.0,42.95164872612616,42.36403067181362,180611.6828933605,178140.74897497628
18c52730-daf5-4ecb-83a5-cf3bcecbfd8c,поселок Пудость,202611,1,4069.0,334,177960.0,42.95164872612616,43.46786741671125,174770.25866660735,176870.75251859808
18c52730-daf5-4ecb-83a5-cf3bcecbfd8c,поселок Пудость,202610,1,4069.0,334,178850.0,42.95164872612616,43.46786741671125,174770.25866660735,176870.75251859808
18c52730-daf5-4ecb-83a5-cf3bcecbfd8c,поселок Пудость,202609,1,4069.0,334,177750.0,42.95164872612616,43.46786741671125,174770.25866660735,176870.75251859808
5d74147e-3c58-4600-9169-8da0330f672b,тер Северная часть промзоны Горелово,202611,1,4072.0,224,190140.0,42.95164872612616,43.46786741671125,174899.11361278573,177001.1561208482
5d74147e-3c58-4600-9169-8da0330f672b,тер Северная часть промзоны Горелово,202610,1,4072.0,224,191090.0,42.95164872612616,43.46786741671125,174899.11361278573,177001.1561208482
5d74147e-3c58-4600-9169-8da0330f672b,тер Северная часть промзоны Горелово,202609,1,4072.0,224,189920.0,42.95164872612616,43.46786741671125,174899.11361278573,177001.1561208482
6d13b512-6d25-413a-ab29-3d9ade960f3a,г Подпорожье,202611,5,4327.0,148,226280.0,42.95164872612616,46.91797443649275,185851.7840379479,203014.07538670412
6d13b512-6d25-413a-ab29-3d9ade960f3a,г Подпорожье,202610,5,4327.0,148,227410.0,42.95164872612616,46.91797443649275,185851.7840379479,203014.07538670412
6d13b512-6d25-413a-ab29-3d9ade960f3a,г Подпорожье,202609,5,4327.0,148,226020.0,42.95164872612616,46.91797443649275,185851.7840379479,203014.07538670412
9318402f-09e3-43c8-b72b-c1b991500aa0,деревня Зимитицы,202611,7,3943.0,315,189110.0,42.95164872612616,47.47935640625912,169358.35092711545,187211.10230987973
9318402f-09e3-43c8-b72b-c1b991500aa0,деревня Зимитицы,202610,7,3943.0,315,190060.0,42.95164872612616,47.47935640625912,169358.35092711545,187211.10230987973
9318402f-09e3-43c8-b72b-c1b991500aa0,деревня Зимитицы,202609,7,3943.0,315,188890.0,42.95164872612616,47.47935640625912,169358.35092711545,187211.10230987973
6650c1c4-31ea-463a-a136-c4bdd6c1e5e0,поселок Терволово,202611,1,3900.0,4,205850.0,42.95164872612616,43.46786741671125,167511.43003189203,169524.68292517387
6650c1c4-31ea-463a-a136-c4bdd6c1e5e0,поселок Терволово,202610,1,3900.0,4,206880.0,42.95164872612616,43.46786741671125,167511.43003189203,169524.68292517387
6650c1c4-31ea-463a-a136-c4bdd6c1e5e0,поселок Терволово,202609,1,3900.0,4,205620.0,42.95164872612616,43.46786741671125,167511.43003189203,169524.68292517387
57526f74-be0c-4705-827b-31fd24230efa,деревня Ёксолово,202611,2,3895.0,626,168340.0,42.95164872612616,42.56715442733584,167296.6717882614,165799.0664944731
57526f74-be0c-4705-827b-31fd24230efa,деревня Ёксолово,202610,2,3895.0,626,169190.0,42.95164872612616,42.56715442733584,167296.6717882614,165799.0664944731
57526f74-be0c-4705-827b-31fd24230efa,деревня Ёксолово,202609,2,3895.0,626,168150.0,42.95164872612616,42.56715442733584,167296.6717882614,165799.0664944731
001aa09a-cb0f-46b7-8609-0f27c4c5e011,деревня Проба,202611,2,3912.0,626,169020.0,42.95164872612616,42.56715442733584,168026.84981660554,166522.70811973783
001aa09a-cb0f-46b7-8609-0f27c4c5e011,деревня Проба,202610,2,3912.0,626,169870.0,42.95164872612616,42.56715442733584,168026.84981660554,166522.70811973783
001aa09a-cb0f-46b7-8609-0f27c4c5e011,деревня Проба,202609,2,3912.0,626,168830.0,42.95164872612616,42.56715442733584,168026.84981660554,166522.70811973783
2cb032f4-7088-4ff6-aeca-3476d2710df6,деревня Косколово,202611,7,4006.0,4,211030.0,42.95164872612616,47.47935640625912,172064.3047968614,190202.30176347404
2cb032f4-7088-4ff6-aeca-3476d2710df6,деревня Косколово,202610,7,4006.0,4,212100.0,42.95164872612616,47.47935640625912,172064.3047968614,190202.30176347404
2cb032f4-7088-4ff6-aeca-3476d2710df6,деревня Косколово,202609,7,4006.0,4,210790.0,42.95164872612616,47.47935640625912,172064.3047968614,190202.30176347404
24dbd01a-1184-4cf8-a3ba-c0bdd4852b71,деревня Велигонты,202611,1,3889.0,334,170640.0,42.95164872612616,43.46786741671125,167038.96189590462,169046.53638359005
24dbd01a-1184-4cf8-a3ba-c0bdd4852b71,деревня Велигонты,202610,1,3889.0,334,171500.0,42.95164872612616,43.46786741671125,167038.96189590462,169046.53638359005
24dbd01a-1184-4cf8-a3ba-c0bdd4852b71,деревня Велигонты,202609,1,3889.0,334,170440.0,42.95164872612616,43.46786741671125,167038.96189590462,169046.53638359005
27901133-846d-4914-919b-7bda53fc2bab,гп Рахья,202611,2,3934.0,626,169900.0,42.95164872612616,42.56715442733584,168971.7860885803,167459.1855171392
27901133-846d-4914-919b-7bda53fc2bab,гп Рахья,202610,2,3934.0,626,170760.0,42.95164872612616,42.56715442733584,168971.7860885803,167459.1855171392
27901133-846d-4914-919b-7bda53fc2bab,гп Рахья,202609,2,3934.0,626,169710.0,42.95164872612616,42.56715442733584,168971.7860885803,167459.1855171392
8a8d3a4d-81bc-4486-84bd-66bbd744f5ff,деревня Вартемяги,202611,2,3917.0,626,169220.0,42.95164872612616,42.56715442733584,168241.60806023618,166735.5438918745
8a8d3a4d-81bc-4486-84bd-66bbd744f5ff,деревня Вартемяги,202610,2,3917.0,626,170070.0,42.95164872612616,42.56715442733584,168241.60806023618,166735.5438918745
8a8d3a4d-81bc-4486-84bd-66bbd744f5ff,деревня Вартемяги,202609,2,3917.0,626,169030.0,42.95164872612616,42.56715442733584,168241.60806023618,166735.5438918745
5a543514-a133-431c-919e-8a61c2261783,г Шлиссельбург,202611,2,4103.0,224,191480.0,42.95164872612616,42.56715442733584,176230.61472329564,174653.03461535898
5a543514-a133-431c-919e-8a61c2261783,г Шлиссельбург,202610,2,4103.0,224,192450.0,42.95164872612616,42.56715442733584,176230.61472329564,174653.03461535898
5a543514-a133-431c-919e-8a61c2261783,г Шлиссельбург,202609,2,4103.0,224,191270.0,42.95164872612616,42.56715442733584,176230.61472329564,174653.03461535898
0c87fa9a-6b31-4924-8c1c-0e6dbc9802a1,деревня Аропаккузи,202611,1,4086.0,4,214950.0,42.95164872612616,43.46786741671125,175500.4366949515,177609.70626468217
0c87fa9a-6b31-4924-8c1c-0e6dbc9802a1,деревня Аропаккузи,202610,1,4086.0,4,216030.0,42.95164872612616,43.46786741671125,175500.4366949515,177609.70626468217
0c87fa9a-6b31-4924-8c1c-0e6dbc9802a1,деревня Аропаккузи,202609,1,4086.0,4,214700.0,42.95164872612616,43.46786741671125,175500.4366949515,177609.70626468217
1945cdaf-6a79-4ace-b42a-eda819d3e7e8,деревня Шундорово,202611,1,4105.0,4,215880.0,42.95164872612616,43.46786741671125,176316.51802074787,178435.59574559968
1945cdaf-6a79-4ace-b42a-eda819d3e7e8,деревня Шундорово,202610,1,4105.0,4,216960.0,42.95164872612616,43.46786741671125,176316.51802074787,178435.59574559968
1945cdaf-6a79-4ace-b42a-eda819d3e7e8,деревня Шундорово,202609,1,4105.0,4,215630.0,42.95164872612616,43.46786741671125,176316.51802074787,178435.59574559968
1ef24331-e6d4-4d7f-8064-88b9a997791c,тер Южная часть промзоны Горелово,202611,1,4071.0,626,175390.0,42.95164872612616,43.46786741671125,174856.1619640596,176957.6882534315
1ef24331-e6d4-4d7f-8064-88b9a997791c,тер Южная часть промзоны Горелово,202610,1,4071.0,626,176270.0,42.95164872612616,43.46786741671125,174856.1619640596,176957.6882534315
1ef24331-e6d4-4d7f-8064-88b9a997791c,тер Южная часть промзоны Горелово,202609,1,4071.0,626,175190.0,42.95164872612616,43.46786741671125,174856.1619640596,176957.6882534315
1ece4f45-41b7-4381-9e00-5f6c6361ac21,деревня Мяглово,202611,2,3885.0,334,170480.0,42.95164872612616,42.56715442733584,166867.15530100014,165373.39495019976
1ece4f45-41b7-4381-9e00-5f6c6361ac21,деревня Мяглово,202610,2,3885.0,334,171330.0,42.95164872612616,42.56715442733584,166867.15530100014,165373.39495019976
1ece4f45-41b7-4381-9e00-5f6c6361ac21,деревня Мяглово,202609,2,3885.0,334,170280.0,42.95164872612616,42.56715442733584,166867.15530100014,165373.39495019976
8417e81e-2205-4c93-a8bd-1fd2cbc97c04,деревня Бор,202611,1,3821.0,43,170370.0,42.95164872612616,43.46786741671125,164118.24978252806,166090.7213992537
8417e81e-2205-4c93-a8bd-1fd2cbc97c04,деревня Бор,202610,1,3821.0,43,171230.0,42.95164872612616,43.46786741671125,164118.24978252806,166090.7213992537
8417e81e-2205-4c93-a8bd-1fd2cbc97c04,деревня Бор,202609,1,3821.0,43,170180.0,42.95164872612616,43.46786741671125,164118.24978252806,166090.7213992537
98cd19c4-e172-4fa3-a81d-7caedeec669b,г Кудрово,202611,2,4076.0,626,175590.0,42.95164872612616,42.56715442733584,175070.92020769021,173503.7214458209
98cd19c4-e172-4fa3-a81d-7caedeec669b,г Кудрово,202610,2,4076.0,626,176470.0,42.95164872612616,42.56715442733584,175070.92020769021,173503.7214458209
98cd19c4-e172-4fa3-a81d-7caedeec669b,г Кудрово,202609,2,4076.0,626,175390.0,42.95164872612616,42.56715442733584,175070.92020769021,173503.7214458209
0540b577-dc2b-4a72-a80a-9da447509e2b,поселок Пригородный,202611,1,4053.0,4,213330.0,42.95164872612616,43.46786741671125,174083.03228698933,176175.2666399307
0540b577-dc2b-4a72-a80a-9da447509e2b,поселок Пригородный,202610,1,4053.0,4,214410.0,42.95164872612616,43.46786741671125,174083.03228698933,176175.2666399307
0540b577-dc2b-4a72-a80a-9da447509e2b,поселок Пригородный,202609,1,4053.0,4,213090.0,42.95164872612616,43.46786741671125,174083.03228698933,176175.2666399307
8e8b9677-ffe0-4522-bd68-1b128768fa30,г Колтуши,202611,2,4084.0,334,178570.0,42.95164872612616,42.56715442733584,175414.53339749924,173844.2586812396
8e8b9677-ffe0-4522-bd68-1b128768fa30,г Колтуши,202610,2,4084.0,334,179460.0,42.95164872612616,42.56715442733584,175414.53339749924,173844.2586812396
8e8b9677-ffe0-4522-bd68-1b128768fa30,г Колтуши,202609,2,4084.0,334,178360.0,42.95164872612616,42.56715442733584,175414.53339749924,173844.2586812396
a5554286-fefd-4ae9-b846-8d21ed304c08,деревня Новосаратовка,202611,2,4068.0,626,175270.0,42.95164872612616,42.56715442733584,174727.30701788122,173163.18421040222
a5554286-fefd-4ae9-b846-8d21ed304c08,деревня Новосаратовка,202610,2,4068.0,626,176150.0,42.95164872612616,42.56715442733584,174727.30701788122,173163.18421040222
a5554286-fefd-4ae9-b846-8d21ed304c08,деревня Новосаратовка,202609,2,4068.0,626,175070.0,42.95164872612616,42.56715442733584,174727.30701788122,173163.18421040222
0a243487-acce-4775-979a-5a08e8c62da6,г Пикалево,202611,0,3678.0,148,194590.0,42.95164872612616,50.86689302030282,157976.164014692,187088.43252867376
0a243487-acce-4775-979a-5a08e8c62da6,г Пикалево,202610,0,3678.0,148,195570.0,42.95164872612616,50.86689302030282,157976.164014692,187088.43252867376
0a243487-acce-4775-979a-5a08e8c62da6,г Пикалево,202609,0,3678.0,148,194370.0,42.95164872612616,50.86689302030282,157976.164014692,187088.43252867376
2145f2cb-3ec2-4c1d-bd52-f84b2858c6a9,г Новая Ладога,202611,3,4182.0,334,182550.0,42.95164872612616,42.54478704938428,179623.79497265958,177922.29944052506
2145f2cb-3ec2-4c1d-bd52-f84b2858c6a9,г Новая Ладога,202610,3,4182.0,334,183470.0,42.95164872612616,42.54478704938428,179623.79497265958,177922.29944052506
2145f2cb-3ec2-4c1d-bd52-f84b2858c6a9,г Новая Ладога,202609,3,4182.0,334,182340.0,42.95164872612616,42.54478704938428,179623.79497265958,177922.29944052506
7538747b-c291-457a-bac1-68e5aff83360,деревня Бор,202611,1,3864.0,626,167100.0,42.95164872612616,43.46786741671125,165965.17067775148,167959.83969817226
7538747b-c291-457a-bac1-68e5aff83360,деревня Бор,202610,1,3864.0,626,167940.0,42.95164872612616,43.46786741671125,165965.17067775148,167959.83969817226
7538747b-c291-457a-bac1-68e5aff83360,деревня Бор,202609,1,3864.0,626,166910.0,42.95164872612616,43.46786741671125,165965.17067775148,167959.83969817226
894c8c23-0148-4810-9858-d3fa1c355430,деревня Малая Романовка,202611,2,3905.0,626,168740.0,42.95164872612616,42.56715442733584,167726.18827552264,166224.73803874647
894c8c23-0148-4810-9858-d3fa1c355430,деревня Малая Романовка,202610,2,3905.0,626,169590.0,42.95164872612616,42.56715442733584,167726.18827552264,166224.73803874647
894c8c23-0148-4810-9858-d3fa1c355430,деревня Малая Романовка,202609,2,3905.0,626,168550.0,42.95164872612616,42.56715442733584,167726.18827552264,166224.73803874647
718ef648-aafc-4866-b515-afe87bf6de1d,деревня Выра,202611,1,4077.0,4,214510.0,42.95164872612616,43.46786741671125,175113.87185641634,177218.49545793177
718ef648-aafc-4866-b515-afe87bf6de1d,деревня Выра,202610,1,4077.0,4,215590.0,42.95164872612616,43.46786741671125,175113.87185641634,177218.49545793177
718ef648-aafc-4866-b515-afe87bf6de1d,деревня Выра,202609,1,4077.0,4,214260.0,42.95164872612616,43.46786741671125,175113.87185641634,177218.49545793177
8556dcea-b116-4dc0-a35c-364d3b8ab894,массив Рождествено,202611,1,4080.0,4,214650.0,42.95164872612616,43.46786741671125,175242.72680259473,177348.8990601819
8556dcea-b116-4dc0-a35c-364d3b8ab894,массив Рождествено,202610,1,4080.0,4,215730.0,42.95164872612616,43.46786741671125,175242.72680259473,177348.8990601819
8556dcea-b116-4dc0-a35c-364d3b8ab894,массив Рождествено,202609,1,4080.0,4,214410.0,42.95164872612616,43.46786741671125,175242.72680259473,177348.8990601819
366e3ffc-89e5-4334-aba9-63ac643464a5,деревня Коркино,202611,2,3801.0,43,169540.0,42.95164872612616,42.56715442733584,163259.21680800553,161797.75397830355
366e3ffc-89e5-4334-aba9-63ac643464a5,деревня Коркино,202610,2,3801.0,43,170400.0,42.95164872612616,42.56715442733584,163259.21680800553,161797.75397830355
366e3ffc-89e5-4334-aba9-63ac643464a5,деревня Коркино,202609,2,3801.0,43,169350.0,42.95164872612616,42.56715442733584,163259.21680800553,161797.75397830355
3a48b53f-a717-4d52-8736-f0ad70bab54b,мкр Сертолово-1,202611,2,4107.0,626,176830.0,42.95164872612616,42.56715442733584,176402.42131820013,174823.30323306832
3a48b53f-a717-4d52-8736-f0ad70bab54b,мкр Сертолово-1,202610,2,4107.0,626,177720.0,42.95164872612616,42.56715442733584,176402.42131820013,174823.30323306832
3a48b53f-a717-4d52-8736-f0ad70bab54b,мкр Сертолово-1,202609,2,4107.0,626,176630.0,42.95164872612616,42.56715442733584,176402.42131820013,174823.30323306832
77837ef2-428b-4a6b-ab26-750e1e9327e7,деревня Бор,202611,1,3961.0,224,185320.0,42.95164872612616,43.46786741671125,170131.48060418572,172176.22283759326
77837ef2-428b-4a6b-ab26-750e1e9327e7,деревня Бор,202610,1,3961.0,224,186250.0,42.95164872612616,43.46786741671125,170131.48060418572,172176.22283759326
77837ef2-428b-4a6b-ab26-750e1e9327e7,деревня Бор,202609,1,3961.0,224,185110.0,42.95164872612616,43.46786741671125,170131.48060418572,172176.22283759326
79b806cd-e36c-48fc-b82c-8cbb5cfd9450,г Сертолово,202611,2,4109.0,626,176910.0,42.95164872612616,42.56715442733584,176488.32461565238,174908.437541923
79b806cd-e36c-48fc-b82c-8cbb5cfd9450,г Сертолово,202610,2,4109.0,626,177800.0,42.95164872612616,42.56715442733584,176488.32461565238,174908.437541923
79b806cd-e36c-48fc-b82c-8cbb5cfd9450,г Сертолово,202609,2,4109.0,626,176710.0,42.95164872612616,42.56715442733584,176488.32461565238,174908.437541923
2d65a312-1951-4206-88e7-828b3e980fff,деревня Суоранда,202611,2,3886.0,626,167980.0,42.95164872612616,42.56715442733584,166910.10694972627,165415.96210462708
2d65a312-1951-4206-88e7-828b3e980fff,деревня Суоранда,202610,2,3886.0,626,168820.0,42.95164872612616,42.56715442733584,166910.10694972627,165415.96210462708
2d65a312-1951-4206-88e7-828b3e980fff,деревня Суоранда,202609,2,3886.0,626,167790.0,42.95164872612616,42.56715442733584,166910.10694972627,165415.96210462708
0aac0ee1-9e4a-44ca-889f-b3510ab9fcdf,деревня Малые Колпаны,202611,1,4059.0,4,213630.0,42.95164872612616,43.46786741671125,174340.74217934607,176436.07384443097
0aac0ee1-9e4a-44ca-889f-b3510ab9fcdf,деревня Малые Колпаны,202610,1,4059.0,4,214700.0,42.95164872612616,43.46786741671125,174340.74217934607,176436.07384443097
0aac0ee1-9e4a-44ca-889f-b3510ab9fcdf,деревня Малые Колпаны,202609,1,4059.0,4,213380.0,42.95164872612616,43.46786741671125,174340.74217934607,176436.07384443097
554a3a96-63bd-4eee-ac94-eb7e87723da4,гп Ульяновка,202611,1,4035.0,43,179200.0,42.95164872612616,43.46786741671125,173309.90260991905,175392.8450264299
554a3a96-63bd-4eee-ac94-eb7e87723da4,гп Ульяновка,202610,1,4035.0,43,180100.0,42.95164872612616,43.46786741671125,173309.90260991905,175392.8450264299
554a3a96-63bd-4eee-ac94-eb7e87723da4,гп Ульяновка,202609,1,4035.0,43,179000.0,42.95164872612616,43.46786741671125,173309.90260991905,175392.8450264299
1a12dc30-ca4c-480f-89dd-31452648b493,г Бокситогорск,202611,0,3709.0,130,196160.0,42.95164872612616,50.86689302030282,159307.66512520192,188665.30621230314
1a12dc30-ca4c-480f-89dd-31452648b493,г Бокситогорск,202610,0,3709.0,130,197150.0,42.95164872612616,50.86689302030282,159307.66512520192,188665.30621230314
1a12dc30-ca4c-480f-89dd-31452648b493,г Бокситогорск,202609,0,3709.0,130,195940.0,42.95164872612616,50.86689302030282,159307.66512520192,188665.30621230314
50e5b018-358f-4bfa-8c59-827e213d5764,поселок Оредеж,202611,7,3869.0,4,204330.0,42.95164872612616,47.47935640625912,166179.92892138212,183697.62993581654
50e5b018-358f-4bfa-8c59-827e213d5764,поселок Оредеж,202610,7,3869.0,4,205360.0,42.95164872612616,47.47935640625912,166179.92892138212,183697.62993581654
50e5b018-358f-4bfa-8c59-827e213d5764,поселок Оредеж,202609,7,3869.0,4,204100.0,42.95164872612616,47.47935640625912,166179.92892138212,183697.62993581654
58399f33-3e18-4921-950a-ac0fa5f9e97c,г Каменногорск,202611,6,4241.0,626,182200.0,42.95164872612616,42.33455503403619,182157.94224750105,179540.8478993475
58399f33-3e18-4921-950a-ac0fa5f9e97c,г Каменногорск,202610,6,4241.0,626,183110.0,42.95164872612616,42.33455503403619,182157.94224750105,179540.8478993475
58399f33-3e18-4921-950a-ac0fa5f9e97c,г Каменногорск,202609,6,4241.0,626,181990.0,42.95164872612616,42.33455503403619,182157.94224750105,179540.8478993475
6baabc82-cb12-414e-b00e-f61374a4b6cb,деревня Ям-Ижора,202611,1,4045.0,43,179610.0,42.95164872612616,43.46786741671125,173739.4190971803,175827.523700597
6baabc82-cb12-414e-b00e-f61374a4b6cb,деревня Ям-Ижора,202610,1,4045.0,43,180510.0,42.95164872612616,43.46786741671125,173739.4190971803,175827.523700597
6baabc82-cb12-414e-b00e-f61374a4b6cb,деревня Ям-Ижора,202609,1,4045.0,43,179410.0,42.95164872612616,43.46786741671125,173739.4190971803,175827.523700597
67abcf73-502d-4be8-850d-cede0b4022ef,деревня Большие Колпаны,202611,1,4056.0,4,213480.0,42.95164872612616,43.46786741671125,174211.8872331677,176305.67024218084
67abcf73-502d-4be8-850d-cede0b4022ef,деревня Большие Колпаны,202610,1,4056.0,4,214550.0,42.95164872612616,43.46786741671125,174211.8872331677,176305.67024218084
67abcf73-502d-4be8-850d-cede0b4022ef,деревня Большие Колпаны,202609,1,4056.0,4,213240.0,42.95164872612616,43.46786741671125,174211.8872331677,176305.67024218084
10b761cb-8804-446e-b960-c9c4c132495a,деревня Ополье,202611,7,3964.0,4,208980.0,42.95164872612616,47.47935640625912,170260.3355503641,188208.16879441115
10b761cb-8804-446e-b960-c9c4c132495a,деревня Ополье,202610,7,3964.0,4,210030.0,42.95164872612616,47.47935640625912,170260.3355503641,188208.16879441115
10b761cb-8804-446e-b960-c9c4c132495a,деревня Ополье,202609,7,3964.0,4,208740.0,42.95164872612616,47.47935640625912,170260.3355503641,188208.16879441115
5f52edf9-92aa-4e69-9314-e629c45ec1d5,г Лодейное Поле,202611,5,4293.0,116,227010.0,42.95164872612616,46.91797443649275,184391.4279812596,201418.86425586336
5f52edf9-92aa-4e69-9314-e629c45ec1d5,г Лодейное Поле,202610,5,4293.0,116,228150.0,42.95164872612616,46.91797443649275,184391.4279812596,201418.86425586336
5f52edf9-92aa-4e69-9314-e629c45ec1d5,г Лодейное Поле,202609,5,4293.0,116,226750.0,42.95164872612616,46.91797443649275,184391.4279812596,201418.86425586336
553db494-e64b-4bda-b52d-f4ac0dac0462,деревня Самара,202611,0,3750.0,239,184080.0,42.95164872612616,50.86689302030282,161068.68272297308,190750.84882613557
553db494-e64b-4bda-b52d-f4ac0dac0462,деревня Самара,202610,0,3750.0,239,185010.0,42.95164872612616,50.86689302030282,161068.68272297308,190750.84882613557
553db494-e64b-4bda-b52d-f4ac0dac0462,деревня Самара,202609,0,3750.0,239,183870.0,42.95164872612616,50.86689302030282,161068.68272297308,190750.84882613557
6e564b1c-cf49-432e-8f60-eb618641d2ef,деревня Агалатово,202611,2,3923.0,626,169460.0,42.95164872612616,42.56715442733584,168499.31795259292,166990.9468184385
6e564b1c-cf49-432e-8f60-eb618641d2ef,деревня Агалатово,202610,2,3923.0,626,170310.0,42.95164872612616,42.56715442733584,168499.31795259292,166990.9468184385
6e564b1c-cf49-432e-8f60-eb618641d2ef,деревня Агалатово,202609,2,3923.0,626,169270.0,42.95164872612616,42.56715442733584,168499.31795259292,166990.9468184385
3d024505-fbb8-4b87-ae77-89bd7ac79258,деревня Мелехово,202611,3,3798.0,43,169420.0,42.95164872612616,42.54478704938428,163130.36186182714,161585.10121356152
3d024505-fbb8-4b87-ae77-89bd7ac79258,деревня Мелехово,202610,3,3798.0,43,170270.0,42.95164872612616,42.54478704938428,163130.36186182714,161585.10121356152
3d024505-fbb8-4b87-ae77-89bd7ac79258,деревня Мелехово,202609,3,3798.0,43,169230.0,42.95164872612616,42.54478704938428,163130.36186182714,161585.10121356152
758b0ebf-8b63-405d-8f12-177461ab5a31,гп Мга,202611,2,4052.0,43,179900.0,42.95164872612616,42.56715442733584,174040.0806382632,172482.10973956482
758b0ebf-8b63-405d-8f12-177461ab5a31,гп Мга,202610,2,4052.0,43,180800.0,42.95164872612616,42.56715442733584,174040.0806382632,172482.10973956482
758b0ebf-8b63-405d-8f12-177461ab5a31,гп Мга,202609,2,4052.0,43,179700.0,42.95164872612616,42.56715442733584,174040.0806382632,172482.10973956482
1b0b169c-5a79-48b7-b340-8b64e560f080,деревня Новое Девяткино,202611,2,4092.0,626,176230.0,42.95164872612616,42.56715442733584,175758.14658730823,174184.79591665827
1b0b169c-5a79-48b7-b340-8b64e560f080,деревня Новое Девяткино,202610,2,4092.0,626,177120.0,42.95164872612616,42.56715442733584,175758.14658730823,174184.79591665827
1b0b169c-5a79-48b7-b340-8b64e560f080,деревня Новое Девяткино,202609,2,4092.0,626,176030.0,42.95164872612616,42.56715442733584,175758.14658730823,174184.79591665827
897cad81-a442-46c1-81ef-a032325e719e,кв-л Лесной (деревня Лепсари),202611,2,3916.0,626,169180.0,42.95164872612616,42.56715442733584,168198.65641151005,166692.97673744717
897cad81-a442-46c1-81ef-a032325e719e,кв-л Лесной (деревня Лепсари),202610,2,3916.0,626,170030.0,42.95164872612616,42.56715442733584,168198.65641151005,166692.97673744717
897cad81-a442-46c1-81ef-a032325e719e,кв-л Лесной (деревня Лепсари),202609,2,3916.0,626,168990.0,42.95164872612616,42.56715442733584,168198.65641151005,166692.97673744717
8e329ed3-79c5-4cee-97c5-09a0f65eddc6,поселок Свердлово,202611,4,4021.0,626,173390.0,42.95164872612616,42.36403067181362,172708.5795277533,170345.7673313626
8e329ed3-79c5-4cee-97c5-09a0f65eddc6,поселок Свердлово,202610,4,4021.0,626,174260.0,42.95164872612616,42.36403067181362,172708.5795277533,170345.7673313626
8e329ed3-79c5-4cee-97c5-09a0f65eddc6,поселок Свердлово,202609,4,4021.0,626,173190.0,42.95164872612616,42.36403067181362,172708.5795277533,170345.7673313626
75eeb581-89d6-4e88-b846-34cec0707743,деревня Малое Верево,202611,1,3896.0,4,205650.0,42.95164872612616,43.46786741671125,167339.62343698752,169350.81145550704
75eeb581-89d6-4e88-b846-34cec0707743,деревня Малое Верево,202610,1,3896.0,4,206690.0,42.95164872612616,43.46786741671125,167339.62343698752,169350.81145550704
75eeb581-89d6-4e88-b846-34cec0707743,деревня Малое Верево,202609,1,3896.0,4,205420.0,42.95164872612616,43.46786741671125,167339.62343698752,169350.81145550704
459dca99-04ff-44fb-af9f-7e2100ec28ac,г Коммунар,202611,1,4065.0,43,180440.0,42.95164872612616,43.46786741671125,174598.45207170284,176696.88104893125
459dca99-04ff-44fb-af9f-7e2100ec28ac,г Коммунар,202610,1,4065.0,43,181340.0,42.95164872612616,43.46786741671125,174598.45207170284,176696.88104893125
459dca99-04ff-44fb-af9f-7e2100ec28ac,г Коммунар,202609,1,4065.0,43,180230.0,42.95164872612616,43.46786741671125,174598.45207170284,176696.88104893125
6c86f6dd-57cb-43bb-80d3-b27e7a573d32,поселок Плоское,202611,7,3856.0,4,203700.0,42.95164872612616,47.47935640625912,165621.55748794248,183080.39830253518
6c86f6dd-57cb-43bb-80d3-b27e7a573d32,поселок Плоское,202610,7,3856.0,4,204720.0,42.95164872612616,47.47935640625912,165621.55748794248,183080.39830253518
6c86f6dd-57cb-43bb-80d3-b27e7a573d32,поселок Плоское,202609,7,3856.0,4,203470.0,42.95164872612616,47.47935640625912,165621.55748794248,183080.39830253518
24c8fd3a-100b-4d7b-a170-c054a2f395b9,деревня Янино-2,202611,2,4081.0,626,175790.0,42.95164872612616,42.56715442733584,175285.67845132085,173716.55721795757
24c8fd3a-100b-4d7b-a170-c054a2f395b9,деревня Янино-2,202610,2,4081.0,626,176670.0,42.95164872612616,42.56715442733584,175285.67845132085,173716.55721795757
24c8fd3a-100b-4d7b-a170-c054a2f395b9,деревня Янино-2,202609,2,4081.0,626,175590.0,42.95164872612616,42.56715442733584,175285.67845132085,173716.55721795757
743d20cc-7b70-4859-95df-31db554e282a,село Павлово,202611,2,3891.0,334,170720.0,42.95164872612616,42.56715442733584,167124.86519335688,165628.79787676377
743d20cc-7b70-4859-95df-31db554e282a,село Павлово,202610,2,3891.0,334,171580.0,42.95164872612616,42.56715442733584,167124.86519335688,165628.79787676377
743d20cc-7b70-4859-95df-31db554e282a,село Павлово,202609,2,3891.0,334,170530.0,42.95164872612616,42.56715442733584,167124.86519335688,165628.79787676377
92b8d45b-e0a2-4b25-9032-9f17dfa4c66f,поселок Ропша,202611,1,4090.0,4,215140.0,42.95164872612616,43.46786741671125,175672.24328985598,177783.577734349
92b8d45b-e0a2-4b25-9032-9f17dfa4c66f,поселок Ропша,202610,1,4090.0,4,216220.0,42.95164872612616,43.46786741671125,175672.24328985598,177783.577734349
92b8d45b-e0a2-4b25-9032-9f17dfa4c66f,поселок Ропша,202609,1,4090.0,4,214900.0,42.95164872612616,43.46786741671125,175672.24328985598,177783.577734349
9441a644-199e-4172-9234-9ad6658c7d5a,гп имени Свердлова,202611,2,4077.0,626,175630.0,42.95164872612616,42.56715442733584,175113.87185641634,173546.28860024823
9441a644-199e-4172-9234-9ad6658c7d5a,гп имени Свердлова,202610,2,4077.0,626,176510.0,42.95164872612616,42.56715442733584,175113.87185641634,173546.28860024823
9441a644-199e-4172-9234-9ad6658c7d5a,гп имени Свердлова,202609,2,4077.0,626,175430.0,42.95164872612616,42.56715442733584,175113.87185641634,173546.28860024823
17cecc8c-1ac1-4086-b88d-8dc2a54e8b38,поселок Торфяное,202611,1,4054.0,4,213380.0,42.95164872612616,43.46786741671125,174125.98393571546,176218.7345073474
17cecc8c-1ac1-4086-b88d-8dc2a54e8b38,поселок Торфяное,202610,1,4054.0,4,214460.0,42.95164872612616,43.46786741671125,174125.98393571546,176218.7345073474
17cecc8c-1ac1-4086-b88d-8dc2a54e8b38,поселок Торфяное,202609,1,4054.0,4,213140.0,42.95164872612616,43.46786741671125,174125.98393571546,176218.7345073474
752d9929-945c-4464-ae38-20a626108da9,г Ивангород,202611,7,4195.0,4,220280.0,42.95164872612616,47.47935640625912,180182.16640609925,199175.90012425702
752d9929-945c-4464-ae38-20a626108da9,г Ивангород,202610,7,4195.0,4,221390.0,42.95164872612616,47.47935640625912,180182.16640609925,199175.90012425702
752d9929-945c-4464-ae38-20a626108da9,г Ивангород,202609,7,4195.0,4,220030.0,42.95164872612616,47.47935640625912,180182.16640609925,199175.90012425702
6df13b2d-711f-4c31-abfe-ca1636ace486,деревня Куровицы,202611,1,4005.0,4,210990.0,42.95164872612616,43.46786741671125,172021.35314813527,174088.80900392856
6df13b2d-711f-4c31-abfe-ca1636ace486,деревня Куровицы,202610,1,4005.0,4,212050.0,42.95164872612616,43.46786741671125,172021.35314813527,174088.80900392856
6df13b2d-711f-4c31-abfe-ca1636ace486,деревня Куровицы,202609,1,4005.0,4,210750.0,42.95164872612616,43.46786741671125,172021.35314813527,174088.80900392856
52da70f1-08b0-4b4c-9d22-d67a62bc2aa5,г Кириши,202611,3,4008.0,43,178080.0,42.95164872612616,42.54478704938428,172150.20809431365,170519.50649393222
52da70f1-08b0-4b4c-9d22-d67a62bc2aa5,г Кириши,202610,3,4008.0,43,178980.0,42.95164872612616,42.54478704938428,172150.20809431365,170519.50649393222
52da70f1-08b0-4b4c-9d22-d67a62bc2aa5,г Кириши,202609,3,4008.0,43,177880.0,42.95164872612616,42.54478704938428,172150.20809431365,170519.50649393222
144cffd1-1d6d-46a3-a0d1-f57a4d487487,деревня Низино,202611,1,3897.0,224,182540.0,42.95164872612616,43.46786741671125,167382.57508571364,169394.27932292374
144cffd1-1d6d-46a3-a0d1-f57a4d487487,деревня Низино,202610,1,3897.0,224,183460.0,42.95164872612616,43.46786741671125,167382.57508571364,169394.27932292374
144cffd1-1d6d-46a3-a0d1-f57a4d487487,деревня Низино,202609,1,3897.0,224,182340.0,42.95164872612616,43.46786741671125,167382.57508571364,169394.27932292374
59a9c284-72fb-49e6-8380-10ca044d0bd7,г Приозерск,202611,6,4221.0,334,184140.0,42.95164872612616,42.33455503403619,181298.90927297852,178694.15679866678
59a9c284-72fb-49e6-8380-10ca044d0bd7,г Приозерск,202610,6,4221.0,334,185060.0,42.95164872612616,42.33455503403619,181298.90927297852,178694.15679866678
59a9c284-72fb-49e6-8380-10ca044d0bd7,г Приозерск,202609,6,4221.0,334,183930.0,42.95164872612616,42.33455503403619,181298.90927297852,178694.15679866678
43cb88de-fa89-4027-b3ef-84deb2d32ce5,г Никольское,202611,2,4050.0,43,179820.0,42.95164872612616,42.56715442733584,173954.17734081094,172396.97543071015
43cb88de-fa89-4027-b3ef-84deb2d32ce5,г Никольское,202610,2,4050.0,43,180720.0,42.95164872612616,42.56715442733584,173954.17734081094,172396.97543071015
43cb88de-fa89-4027-b3ef-84deb2d32ce5,г Никольское,202609,2,4050.0,43,179610.0,42.95164872612616,42.56715442733584,173954.17734081094,172396.97543071015
21c207c8-7ba1-4ea9-920e-6a3ad08b0fd3,гп Дубровка,202611,2,3902.0,626,168620.0,42.95164872612616,42.56715442733584,167597.33332934428,166097.03657546447
21c207c8-7ba1-4ea9-920e-6a3ad08b0fd3,гп Дубровка,202610,2,3902.0,626,169470.0,42.95164872612616,42.56715442733584,167597.33332934428,166097.03657546447
21c207c8-7ba1-4ea9-920e-6a3ad08b0fd3,гп Дубровка,202609,2,3902.0,626,168430.0,42.95164872612616,42.56715442733584,167597.33332934428,166097.03657546447
0ed903b7-3031-45be-b523-632293057ae4,гп Кузьмоловский,202611,2,4106.0,626,176790.0,42.95164872612616,42.56715442733584,176359.469669474,174780.73607864097
0ed903b7-3031-45be-b523-632293057ae4,гп Кузьмоловский,202610,2,4106.0,626,177680.0,42.95164872612616,42.56715442733584,176359.469669474,174780.73607864097
0ed903b7-3031-45be-b523-632293057ae4,гп Кузьмоловский,202609,2,4106.0,626,176590.0,42.95164872612616,42.56715442733584,176359.469669474,174780.73607864097
2a213780-2446-4ba6-91e3-6e6ac994a867,поселок Пески,202611,3,3954.0,626,170700.0,42.95164872612616,42.54478704938428,169830.81906310283,168222.08799326545
2a213780-2446-4ba6-91e3-6e6ac994a867,поселок Пески,202610,3,3954.0,626,171560.0,42.95164872612616,42.54478704938428,169830.81906310283,168222.08799326545
2a213780-2446-4ba6-91e3-6e6ac994a867,поселок Пески,202609,3,3954.0,626,170510.0,42.95164872612616,42.54478704938428,169830.81906310283,168222.08799326545
1667a6fb-e5ae-43d5-b00a-7d7249a56cf4,гп Толмачево,202611,7,3854.0,4,203600.0,42.95164872612616,47.47935640625912,165535.65419049023,182985.43958972266
1667a6fb-e5ae-43d5-b00a-7d7249a56cf4,гп Толмачево,202610,7,3854.0,4,204620.0,42.95164872612616,47.47935640625912,165535.65419049023,182985.43958972266
1667a6fb-e5ae-43d5-b00a-7d7249a56cf4,гп Толмачево,202609,7,3854.0,4,203370.0,42.95164872612616,47.47935640625912,165535.65419049023,182985.43958972266
86ec26f6-d980-4c40-b4ce-77e1638ec8ad,г Тихвин,202611,0,3722.0,116,198840.0,42.95164872612616,50.86689302030282,159866.03655864156,189326.5758215671
86ec26f6-d980-4c40-b4ce-77e1638ec8ad,г Тихвин,202610,0,3722.0,116,199840.0,42.95164872612616,50.86689302030282,159866.03655864156,189326.5758215671
86ec26f6-d980-4c40-b4ce-77e1638ec8ad,г Тихвин,202609,0,3722.0,116,198610.0,42.95164872612616,50.86689302030282,159866.03655864156,189326.5758215671
04ad058c-cf95-40c1-8983-283b946a45f2,деревня Захонье,202611,7,3955.0,4,208540.0,42.95164872612616,47.47935640625912,169873.77071182895,187780.85458675484
04ad058c-cf95-40c1-8983-283b946a45f2,деревня Захонье,202610,7,3955.0,4,209590.0,42.95164872612616,47.47935640625912,169873.77071182895,187780.85458675484
04ad058c-cf95-40c1-8983-283b946a45f2,деревня Захонье,202609,7,3955.0,4,208300.0,42.95164872612616,47.47935640625912,169873.77071182895,187780.85458675484
856a5b3f-01ed-44c5-8fa0-2b0b9087830f,гп имени Морозова,202611,2,4103.0,224,191480.0,42.95164872612616,42.56715442733584,176230.61472329564,174653.03461535898
856a5b3f-01ed-44c5-8fa0-2b0b9087830f,гп имени Морозова,202610,2,4103.0,224,192450.0,42.95164872612616,42.56715442733584,176230.61472329564,174653.03461535898
856a5b3f-01ed-44c5-8fa0-2b0b9087830f,гп имени Морозова,202609,2,4103.0,224,191270.0,42.95164872612616,42.56715442733584,176230.61472329564,174653.03461535898
103454e7-358f-4d78-8ee9-b1bb01d767d0,поселок Елизаветино,202611,1,3879.0,4,204820.0,42.95164872612616,43.46786741671125,166609.44540864337,168611.85770942294
103454e7-358f-4d78-8ee9-b1bb01d767d0,поселок Елизаветино,202610,1,3879.0,4,205850.0,42.95164872612616,43.46786741671125,166609.44540864337,168611.85770942294
103454e7-358f-4d78-8ee9-b1bb01d767d0,поселок Елизаветино,202609,1,3879.0,4,204590.0,42.95164872612616,43.46786741671125,166609.44540864337,168611.85770942294
1585eb89-9bde-472a-b15c-dcbc1fa329db,поселок Волхов,202611,3,4000.0,626,172550.0,42.95164872612616,42.54478704938428,171806.59490450463,170179.14819753714
1585eb89-9bde-472a-b15c-dcbc1fa329db,поселок Волхов,202610,3,4000.0,626,173410.0,42.95164872612616,42.54478704938428,171806.59490450463,170179.14819753714
1585eb89-9bde-472a-b15c-dcbc1fa329db,поселок Волхов,202609,3,4000.0,626,172350.0,42.95164872612616,42.54478704938428,171806.59490450463,170179.14819753714
063144da-2812-49ac-8fa7-0914d366551e,поселок Стеклянный,202611,2,4134.0,626,177910.0,42.95164872612616,42.56715442733584,177562.11583380555,175972.61640260636
063144da-2812-49ac-8fa7-0914d366551e,поселок Стеклянный,202610,2,4134.0,626,178810.0,42.95164872612616,42.56715442733584,177562.11583380555,175972.61640260636
063144da-2812-49ac-8fa7-0914d366551e,поселок Стеклянный,202609,2,4134.0,626,177710.0,42.95164872612616,42.56715442733584,177562.11583380555,175972.61640260636
6d0bcb5c-9df2-48a2-bac6-fa0f3e8baf1e,поселок Войсковицы,202611,1,4062.0,4,213770.0,42.95164872612616,43.46786741671125,174469.59712552445,176566.4774466811
6d0bcb5c-9df2-48a2-bac6-fa0f3e8baf1e,поселок Войсковицы,202610,1,4062.0,4,214850.0,42.95164872612616,43.46786741671125,174469.59712552445,176566.4774466811
6d0bcb5c-9df2-48a2-bac6-fa0f3e8baf1e,поселок Войсковицы,202609,1,4062.0,4,213530.0,42.95164872612616,43.46786741671125,174469.59712552445,176566.4774466811
2e8c138f-b320-4115-8af3-7efadb511f68,деревня Малое Карлино,202611,1,4077.0,4,214510.0,42.95164872612616,43.46786741671125,175113.87185641634,177218.49545793177
2e8c138f-b320-4115-8af3-7efadb511f68,деревня Малое Карлино,202610,1,4077.0,4,215590.0,42.95164872612616,43.46786741671125,175113.87185641634,177218.49545793177
2e8c138f-b320-4115-8af3-7efadb511f68,деревня Малое Карлино,202609,1,4077.0,4,214260.0,42.95164872612616,43.46786741671125,175113.87185641634,177218.49545793177
300deaa9-c677-4b8b-8a97-8e1c311f08c1,деревня Узигонты,202611,1,3891.0,626,168180.0,42.95164872612616,43.46786741671125,167124.86519335688,169133.47211842347
300deaa9-c677-4b8b-8a97-8e1c311f08c1,деревня Узигонты,202610,1,3891.0,626,169030.0,42.95164872612616,43.46786741671125,167124.86519335688,169133.47211842347
300deaa9-c677-4b8b-8a97-8e1c311f08c1,деревня Узигонты,202609,1,3891.0,626,167990.0,42.95164872612616,43.46786741671125,167124.86519335688,169133.47211842347
765cbc20-351b-4645-acfa-34472f970dab,поселок Ларионово,202611,6,4215.0,626,181160.0,42.95164872612616,42.33455503403619,181041.19938062175,178440.14946846256
765cbc20-351b-4645-acfa-34472f970dab,поселок Ларионово,202610,6,4215.0,626,182070.0,42.95164872612616,42.33455503403619,181041.19938062175,178440.14946846256
765cbc20-351b-4645-acfa-34472f970dab,поселок Ларионово,202609,6,4215.0,626,180950.0,42.95164872612616,42.33455503403619,181041.19938062175,178440.14946846256
878aa7cc-76f0-42c8-90f5-3489f43c169c,г Приморск,202611,4,4198.0,626,180480.0,42.95164872612616,42.36403067181362,180311.0213522776,177844.20076027358
878aa7cc-76f0-42c8-90f5-3489f43c169c,г Приморск,202610,4,4198.0,626,181380.0,42.95164872612616,42.36403067181362,180311.0213522776,177844.20076027358
878aa7cc-76f0-42c8-90f5-3489f43c169c,г Приморск,202609,4,4198.0,626,180270.0,42.95164872612616,42.36403067181362,180311.0213522776,177844.20076027358
a4ae9883-686b-40a9-86f4-aefb68b414d1,гп Рощино,202611,4,4130.0,334,180440.0,42.95164872612616,42.36403067181362,177390.30923890104,174963.44667459026
a4ae9883-686b-40a9-86f4-aefb68b414d1,гп Рощино,202610,4,4130.0,334,181340.0,42.95164872612616,42.36403067181362,177390.30923890104,174963.44667459026
a4ae9883-686b-40a9-86f4-aefb68b414d1,гп Рощино,202609,4,4130.0,334,180230.0,42.95164872612616,42.36403067181362,177390.30923890104,174963.44667459026
8fbead84-4fdc-4317-bf64-dc0fef08dc2f,деревня Кипень,202611,1,4091.0,4,215190.0,42.95164872612616,43.46786741671125,175715.1949385821,177827.0456017657
8fbead84-4fdc-4317-bf64-dc0fef08dc2f,деревня Кипень,202610,1,4091.0,4,216270.0,42.95164872612616,43.46786741671125,175715.1949385821,177827.0456017657
8fbead84-4fdc-4317-bf64-dc0fef08dc2f,деревня Кипень,202609,1,4091.0,4,214950.0,42.95164872612616,43.46786741671125,175715.1949385821,177827.0456017657
165119d1-6555-4473-8b90-46ec517b4076,г Тосно,202611,1,4036.0,43,179240.0,42.95164872612616,43.46786741671125,173352.85425864518,175436.3128938466
165119d1-6555-4473-8b90-46ec517b4076,г Тосно,202610,1,4036.0,43,180140.0,42.95164872612616,43.46786741671125,173352.85425864518,175436.3128938466
165119d1-6555-4473-8b90-46ec517b4076,г Тосно,202609,1,4036.0,43,179040.0,42.95164872612616,43.46786741671125,173352.85425864518,175436.3128938466
7be8f0b5-87ee-4597-8910-55d1ba108143,деревня Новолисино,202611,1,3839.0,43,171110.0,42.95164872612616,43.46786741671125,164891.37945959833,166873.1430127545
7be8f0b5-87ee-4597-8910-55d1ba108143,деревня Новолисино,202610,1,3839.0,43,171970.0,42.95164872612616,43.46786741671125,164891.37945959833,166873.1430127545
7be8f0b5-87ee-4597-8910-55d1ba108143,деревня Новолисино,202609,1,3839.0,43,170920.0,42.95164872612616,43.46786741671125,164891.37945959833,166873.1430127545
70c7dd11-0cfc-4feb-9b0d-236dadcb1ee3,деревня Лупполово,202611,2,3917.0,626,169220.0,42.95164872612616,42.56715442733584,168241.60806023618,166735.5438918745
70c7dd11-0cfc-4feb-9b0d-236dadcb1ee3,деревня Лупполово,202610,2,3917.0,626,170070.0,42.95164872612616,42.56715442733584,168241.60806023618,166735.5438918745
70c7dd11-0cfc-4feb-9b0d-236dadcb1ee3,деревня Лупполово,202609,2,3917.0,626,169030.0,42.95164872612616,42.56715442733584,168241.60806023618,166735.5438918745
9a3a5092-348e-4f1d-9543-35253b5c9fa4,деревня Аннолово,202611,1,4036.0,43,179240.0,42.95164872612616,43.46786741671125,173352.85425864518,175436.3128938466
9a3a5092-348e-4f1d-9543-35253b5c9fa4,деревня Аннолово,202610,1,4036.0,43,180140.0,42.95164872612616,43.46786741671125,173352.85425864518,175436.3128938466
9a3a5092-348e-4f1d-9543-35253b5c9fa4,деревня Аннолово,202609,1,4036.0,43,179040.0,42.95164872612616,43.46786741671125,173352.85425864518,175436.3128938466
7db77c8e-fb17-4f25-999b-95732a3baef5,г Бугры,202611,2,4095.0,626,176350.0,42.95164872612616,42.56715442733584,175887.00153348662,174312.49737994027
7db77c8e-fb17-4f25-999b-95732a3baef5,г Бугры,202610,2,4095.0,626,177240.0,42.95164872612616,42.56715442733584,175887.00153348662,174312.49737994027
7db77c8e-fb17-4f25-999b-95732a3baef5,г Бугры,202609,2,4095.0,626,176150.0,42.95164872612616,42.56715442733584,175887.00153348662,174312.49737994027
