id,name,region,latitude,longitude,x,y,trip_count,cluster_id
21c207c8-7ba1-4ea9-920e-6a3ad08b0fd3,гп Дубровка,Ленинградская область,59.847694,30.930304,27968.8831,-1239.4685,38700,0
6650c1c4-31ea-463a-a136-c4bdd6c1e5e0,поселок Терволово,Ленинградская область,59.6665432,29.8907574,-30468.195,-21402.2322,37856,0
765cbc20-351b-4645-acfa-34472f970dab,поселок Ларионово,Ленинградская область,61.006119,30.179604,-13619.9423,127752.3221,37644,2
8fbead84-4fdc-4317-bf64-dc0fef08dc2f,деревня Кипень,Ленинградская область,59.6827644,29.8508646,-32700.6865,-19576.1323,36556,0
92b8d45b-e0a2-4b25-9032-9f17dfa4c66f,поселок Ропша,Ленинградская область,59.7321,29.8684,-31666.2395,-14088.4811,36104,0
2a213780-2446-4ba6-91e3-6e6ac994a867,поселок Пески,Ленинградская область,60.0114147,32.1420977,95415.9706,18128.1225,35948,1
9c7205ca-dfc9-4dce-99fa-226500d875eb,поселок Кутузовское,Ленинградская область,60.8455031,30.318234,-6150.7741,109834.5252,35924,2
0c87fa9a-6b31-4924-8c1c-0e6dbc9802a1,деревня Аропаккузи,Ленинградская область,59.677311,30.01017,-23730.5802,-20251.4668,35732,0
300deaa9-c677-4b8b-8a97-8e1c311f08c1,деревня Узигонты,Ленинградская область,59.799992,29.885466,-30644.0198,-6533.006,35680,0
6e564b1c-cf49-432e-8f60-eb618641d2ef,деревня Агалатово,Ленинградская область,60.2234476,30.2745753,-8689.3753,40529.3078,34708,0
7b3bea05-858e-44b9-a5f4-b2ea010c157f,массив Рахья,Ленинградская область,60.0909897,30.8371471,22580.8335,25830.4293,34204,0
27901133-846d-4914-919b-7bda53fc2bab,гп Рахья,Ленинградская область,60.0909897,30.8371471,22580.8335,25830.4293,34164,0
897cad81-a442-46c1-81ef-a032325e719e,кв-л Лесной (деревня Лепсари),Ленинградская область,60.136716182104,30.825278547927,21890.0552,30920.9403,34164,0
8a8d3a4d-81bc-4486-84bd-66bbd744f5ff,деревня Вартемяги,Ленинградская область,60.1815501,30.3228206,-6023.1145,35855.9127,34068,0
0ed903b7-3031-45be-b523-632293057ae4,гп Кузьмоловский,Ленинградская область,60.1097594,30.4925228,3401.7823,27854.0018,33659,0
1585eb89-9bde-472a-b15c-dcbc1fa329db,поселок Волхов,Ленинградская область,59.9275868,32.3276803,106031.5694,9074.0283,33172,1
7db77c8e-fb17-4f25-999b-95732a3baef5,г Бугры,Ленинградская область,60.0706012,30.3946768,-2042.3649,23490.2314,32955,0
57526f74-be0c-4705-827b-31fd24230efa,деревня Ёксолово,Ленинградская область,59.889523,30.786793,19899.3561,3368.7743,32932,0
5bbcc18f-8c45-413a-95ca-3319c2f5838d,деревня Порошкино,Ленинградская область,60.107651,30.344772,-4815.7195,27620.674,32640,0
a4a3e3af-ce5a-4eba-9aae-36c350fa7fec,г Выборг,Ленинградская область,60.7120663,28.7575154,-91379.5011,96118.7295,32615,2
7538747b-c291-457a-bac1-68e5aff83360,деревня Бор,Ленинградская область,59.5941539,30.2796257,-8570.0809,-29581.2522,32448,0
9318402f-09e3-43c8-b72b-c1b991500aa0,деревня Зимитицы,Ленинградская область,59.5512833,29.1191438,-74206.2584,-33632.9249,32316,3
24c8fd3a-100b-4d7b-a170-c054a2f395b9,деревня Янино-2,Ленинградская область,59.935711,30.615271,10282.3281,8475.5079,32296,0
001aa09a-cb0f-46b7-8609-0f27c4c5e011,деревня Проба,Ленинградская область,60.099819,30.787258,19799.4153,26798.1527,32168,0
79b806cd-e36c-48fc-b82c-8cbb5cfd9450,г Сертолово,Ленинградская область,60.143707,30.207806,-12420.0016,31655.6568,32076,0
98cd19c4-e172-4fa3-a81d-7caedeec669b,г Кудрово,Ленинградская область,59.9083906,30.5126078,4546.3552,5420.2289,31888,0
2481847d-4222-495d-bf27-cec9ee31baed,поселок Первомайское,Ленинградская область,60.3585229,29.7403376,-38140.6715,55767.9684,31184,2
894c8c23-0148-4810-9858-d3fa1c355430,деревня Малая Романовка,Ленинградская область,60.036633,30.727077,16482.9337,19741.9675,31184,0
8e329ed3-79c5-4cee-97c5-09a0f65eddc6,поселок Свердлово,Ленинградская область,60.6045959,28.8234871,-88070.8128,84057.7213,31180,2
2d65a312-1951-4206-88e7-828b3e980fff,деревня Суоранда,Ленинградская область,59.9438024,30.6095642,9960.846,9376.1059,31124,0
6434dbe8-6886-48f7-8ce3-3a90288fc28f,гп Янино-1,Ленинградская область,59.9485211,30.5568581,7013.8694,9895.0677,31070,0
70c7dd11-0cfc-4feb-9b0d-236dadcb1ee3,деревня Лупполово,Ленинградская область,60.153778,30.270582,-8929.5762,32767.5869,31064,0
553db494-e64b-4bda-b52d-f4ac0dac0462,деревня Самара,Ленинградская область,59.9709556,34.3780192,220286.4271,18954.1036,30856,1
1b0b169c-5a79-48b7-b340-8b64e560f080,деревня Новое Девяткино,Ленинградская область,60.058025,30.475435,2455.2811,22089.326,30834,0
1ef24331-e6d4-4d7f-8064-88b9a997791c,тер Южная часть промзоны Горелово,Ленинградская область,59.7809194,30.1843193,-13875.6813,-8758.2181,30652,0
878aa7cc-76f0-42c8-90f5-3489f43c169c,г Приморск,Ленинградская область,60.3653876,28.6081212,-100601.1214,57720.2929,30428,2
3a48b53f-a717-4d52-8736-f0ad70bab54b,мкр Сертолово-1,Ленинградская область,60.1420161,30.218247,-11840.5303,31465.3531,30264,0
a5554286-fefd-4ae9-b846-8d21ed304c08,деревня Новосаратовка,Ленинградская область,59.8386033,30.5356528,5848.0592,-2352.9692,30093,0
9441a644-199e-4172-9234-9ad6658c7d5a,гп имени Свердлова,Ленинградская область,59.7963994,30.6558175,12601.786,-7038.1314,29070,0
a354738c-dc1b-4871-9ed9-1df77c8b65a0,деревня Томилино,Ленинградская область,60.428493,33.002235,141562.4659,66117.0418,27240,1
a4ae9883-686b-40a9-86f4-aefb68b414d1,гп Рощино,Ленинградская область,60.256651,29.6051421,-45744.3784,44504.0318,26569,2
75eeb581-89d6-4e88-b846-34cec0707743,деревня Малое Верево,Ленинградская область,59.614182,30.169657,-14772.5285,-27330.6642,26276,0
2145f2cb-3ec2-4c1d-bd52-f84b2858c6a9,г Новая Ладога,Ленинградская область,60.1052,32.3147,104742.9253,28834.5502,26100,1
24dbd01a-1184-4cf8-a3ba-c0bdd4852b71,деревня Велигонты,Ленинградская область,59.793251,29.914555,-29016.9738,-7297.086,26100,0
6d13b512-6d25-413a-ab29-3d9ade960f3a,г Подпорожье,Ленинградская область,60.914291,34.162354,202321.8452,123213.2009,25672,1
5d74147e-3c58-4600-9169-8da0330f672b,тер Северная часть промзоны Горелово,Ленинградская область,59.7827367,30.2186002,-11949.5351,-8562.4359,25544,0
294c9ce2-295f-4e7c-b7f0-036cf22c2ba9,деревня Старая Пустошь,Ленинградская область,59.9725851,30.6807049,13925.1315,12595.6458,25068,0
063144da-2812-49ac-8fa7-0914d366551e,поселок Стеклянный,Ленинградская область,60.3822678,30.2393736,-10588.9461,58229.7196,24760,2
58399f33-3e18-4921-950a-ac0fa5f9e97c,г Каменногорск,Ленинградская область,60.9526102,29.1303401,-70499.247,122458.7078,24276,2
743d20cc-7b70-4859-95df-31db554e282a,село Павлово,Ленинградская область,59.8086181,30.879036,25124.473,-5613.3316,23616,0
0a243487-acce-4775-979a-5a08e8c62da6,г Пикалево,Ленинградская область,59.5193917,34.1661182,211304.6068,-31968.9363,23544,1
2e8c138f-b320-4115-8af3-7efadb511f68,деревня Малое Карлино,Ленинградская область,59.7232765,30.2682737,-9175.9044,-15194.6761,23504,0
438104d1-e43e-4f9f-a42f-ff979833396f,деревня Самойлово,Ленинградская область,59.5090034,34.2597329,216662.0075,-32822.5129,23428,1
1a12dc30-ca4c-480f-89dd-31452648b493,г Бокситогорск,Ленинградская область,59.4729021,33.8489952,193645.5171,-38109.5306,23368,1
42ea1577-d345-4773-96e1-746a3f0e3ee4,гп Красный Бор,Ленинградская область,59.6785185,30.6840485,14236.7828,-20165.1939,23231,0
8e8b9677-ffe0-4522-bd68-1b128768fa30,г Колтуши,Ленинградская область,59.9330041,30.6548998,12498.9123,8180.7451,22956,0
660e6dff-a44b-4360-9064-1e9fa479785e,местечко Карьер-Мяглово,Ленинградская область,59.8619562,30.6746426,13631.8541,269.1974,22952,0
1ece4f45-41b7-4381-9e00-5f6c6361ac21,деревня Мяглово,Ленинградская область,59.889999,30.692207,14603.7187,3397.1736,22702,0
9a3a5092-348e-4f1d-9543-35253b5c9fa4,деревня Аннолово,Ленинградская область,59.634663,30.541021,6186.6387,-25072.9956,21886,0
6baabc82-cb12-414e-b00e-f61374a4b6cb,деревня Ям-Ижора,Ленинградская область,59.700939,30.589127,8882.9357,-17683.9556,21553,0
8556dcea-b116-4dc0-a35c-364d3b8ab894,массив Рождествено,Ленинградская область,59.3194117,29.9457174,-27653.4654,-60096.9975,21056,3
718ef648-aafc-4866-b515-afe87bf6de1d,деревня Выра,Ленинградская область,59.3493485,29.9600751,-26812.2785,-56767.9787,20631,3
144cffd1-1d6d-46a3-a0d1-f57a4d487487,деревня Низино,Ленинградская область,59.83369,29.87759,-31054.7654,-2775.1877,20348,0
18c52730-daf5-4ecb-83a5-cf3bcecbfd8c,поселок Пудость,Ленинградская область,59.618454,30.039871,-22095.8693,-26818.662,19993,0
1667a6fb-e5ae-43d5-b00a-7d7249a56cf4,гп Толмачево,Ленинградская область,58.8621883,29.9018126,-30558.4374,-111009.6275,19912,3
6c86f6dd-57cb-43bb-80d3-b27e7a573d32,поселок Плоское,Ленинградская область,58.8212673,29.9574814,-27378.3885,-115592.0583,19912,3
103454e7-358f-4d78-8ee9-b1bb01d767d0,поселок Елизаветино,Ленинградская область,59.491734,29.791506,-36249.5706,-40826.2662,19672,3
a69e1fe5-684d-4997-8ac8-c1694f8c1871,поселок Сосново,Ленинградская область,60.5570987,30.2540609,-9726.5169,77707.095,19535,2
86ec26f6-d980-4c40-b4ce-77e1638ec8ad,г Тихвин,Ленинградская область,59.644323,33.5418624,175362.0099,-19887.4039,19430,1
1945cdaf-6a79-4ace-b42a-eda819d3e7e8,деревня Шундорово,Ленинградская область,59.6369494,29.6013396,-46820.3423,-24530.3275,19028,3
758b0ebf-8b63-405d-8f12-177461ab5a31,гп Мга,Ленинградская область,59.749312,31.0561437,35126.0525,-12139.8424,18817,0
165119d1-6555-4473-8b90-46ec517b4076,г Тосно,Ленинградская область,59.5451056,30.8695174,24784.1922,-34973.4124,18790,0
67abcf73-502d-4be8-850d-cede0b4022ef,деревня Большие Колпаны,Ленинградская область,59.5235168,30.070128,-20445.7012,-37404.6916,18396,0
6d0bcb5c-9df2-48a2-bac6-fa0f3e8baf1e,поселок Войсковицы,Ленинградская область,59.5205266,29.9697681,-26128.3534,-37702.5718,18388,0
0aac0ee1-9e4a-44ca-889f-b3510ab9fcdf,деревня Малые Колпаны,Ленинградская область,59.54129,30.079571,-19900.7379,-35427.578,18380,0
17cecc8c-1ac1-4086-b88d-8dc2a54e8b38,поселок Торфяное,Ленинградская область,59.550266,30.170044,-14778.7149,-34451.2735,18328,0
43cb88de-fa89-4027-b3ef-84deb2d32ce5,г Никольское,Ленинградская область,59.7034799,30.7861084,19971.9624,-17358.0102,18196,0
0540b577-dc2b-4a72-a80a-9da447509e2b,поселок Пригородный,Ленинградская область,59.5400642,30.1450392,-16197.7723,-35581.9524,17898,0
459dca99-04ff-44fb-af9f-7e2100ec28ac,г Коммунар,Ленинградская область,59.6320186,30.4150022,-922.6832,-25372.6002,17803,0
7be8f0b5-87ee-4597-8910-55d1ba108143,деревня Новолисино,Ленинградская область,59.567509,30.770937,19195.3677,-32510.2911,17712,0
554a3a96-63bd-4eee-ac94-eb7e87723da4,гп Ульяновка,Ленинградская область,59.6405558,30.7659561,18872.7889,-24373.9964,17624,0
856a5b3f-01ed-44c5-8fa0-2b0b9087830f,гп имени Морозова,Ленинградская область,59.9739296,31.0403667,34009.051,12875.5949,17448,0
5f52edf9-92aa-4e69-9314-e629c45ec1d5,г Лодейное Поле,Ленинградская область,60.7339323,33.5457731,169864.3263,101402.6579,16820,1
5a543514-a133-431c-919e-8a61c2261783,г Шлиссельбург,Ленинградская область,59.9405513,31.0400941,34028.0185,9156.866,16758,0
a1535e5e-c151-431a-a4c4-954d4545e37a,г Кировск,Ленинградская область,59.8813954,30.9855331,31033.3166,2539.6918,16632,0
52da70f1-08b0-4b4c-9d22-d67a62bc2aa5,г Кириши,Ленинградская область,59.4525148,32.0349838,90948.6526,-44270.9994,16560,1
50e5b018-358f-4bfa-8c59-827e213d5764,поселок Оредеж,Ленинградская область,58.814972,30.336683,-5470.848,-116386.9778,16468,3
8417e81e-2205-4c93-a8bd-1fd2cbc97c04,деревня Бор,Ленинградская область,59.5941539,30.2796257,-8570.0809,-29581.2522,16464,0
366e3ffc-89e5-4334-aba9-63ac643464a5,деревня Коркино,Ленинградская область,59.930489,30.717886,16021.8332,7914.0973,15772,0
3d024505-fbb8-4b87-ae77-89bd7ac79258,деревня Мелехово,Ленинградская область,59.3714492,31.8145547,78637.0795,-53581.5734,15704,0
04ad058c-cf95-40c1-8983-283b946a45f2,деревня Захонье,Ленинградская область,58.968292,29.368509,-61143.4909,-98823.0855,15128,3
59a9c284-72fb-49e6-8380-10ca044d0bd7,г Приозерск,Ленинградская область,61.0385285,30.1248482,-16565.4027,131376.1898,15116,2
16a06c55-d7c2-42e9-966a-f7fbdfd7632e,поселок Алексеевка,Ленинградская область,59.512058,29.768866,-37509.5718,-38549.6049,14508,3
77837ef2-428b-4a6b-ab26-750e1e9327e7,деревня Бор,Ленинградская область,59.5941539,30.2796257,-8570.0809,-29581.2522,14204,0
10b761cb-8804-446e-b960-c9c4c132495a,деревня Ополье,Ленинградская область,59.439026,28.827503,-90997.7429,-45772.9915,13764,3
a82ba7ec-d662-484e-8059-66a834bc3015,массив Щеглово,Ленинградская область,60.0328029,30.7498885,17756.4503,19321.1471,13232,0
2cb032f4-7088-4ff6-aeca-3476d2710df6,деревня Косколово,Ленинградская область,59.669937,28.4523174,-111512.1665,-19483.7873,12096,3
6df13b2d-711f-4c31-abfe-ca1636ace486,деревня Куровицы,Ленинградская область,59.391697,30.139345,-16592.5629,-52108.9815,11844,0
752d9929-945c-4464-ae38-20a626108da9,г Ивангород,Ленинградская область,59.3744139,28.2192542,-125736.4704,-51974.9578,11844,3
ab287028-29c0-4fb9-bcb7-fc44ffd4b4ac,деревня Разбегаево,Ленинградская область,59.7887736,29.9321054,-28035.3433,-7803.4493,10908,0
a928489e-6b6e-4cee-a1b1-8166238c6cd2,деревня Пески,Ленинградская область,60.0114147,32.1420977,95415.9706,18128.1225,9876,1
a7de8a21-caf5-4011-a44f-6bb22f765d42,гп Форносово,Ленинградская область,59.5698032,30.5489639,6647.5348,-32297.956,6268,0
b3233f8e-41fe-44a9-a3d4-891ccc5ef943,поселок Ермилово,Ленинградская область,60.3599356,28.7643421,-91998.5298,56885.5644,5664,2
bd52d0bd-e679-4adf-b8f5-3c9effdaf3ad,деревня Новосергиевка,Ленинградская область,59.9067522,30.5542664,6877.665,5241.2859,5180,0
ad8c8e4d-38c7-4993-9f38-4c26fb384675,деревня Никольское,Ленинградская область,59.7080141,30.7839671,19848.7261,-16853.5169,5108,0
c0baa3bb-d8f7-497a-9193-3ed2b3c9dab2,деревня Заневка,Ленинградская область,59.938053,30.513084,4568.9223,8724.9765,4776,0
a7a1a8e5-45b2-4542-b718-0976702ccd90,г Сланцы,Ленинградская область,59.11726,28.086979,-134261.3197,-80347.8445,4266,3
b2f908fc-0772-4006-bbea-cf7dc5b406c0,гп Лесогорский,Ленинградская область,61.0500227,28.928694,-81176.1711,133542.8311,3966,2
aa51eb68-bde3-4251-81d5-4ae6e397d3da,гп Кузнечное,Ленинградская область,61.1211675,29.8730838,-30093.6607,140673.5497,3724,2
b2fa82b5-f00b-4565-8e86-e319e1e6e6ca,поселок Романовка,Ленинградская область,59.6131454,30.2047476,-12792.1209,-27453.4403,3584,0
c70a5280-c482-4f6e-801a-cdd6851eab50,г Всеволожск,Ленинградская область,60.024006,30.646042,11970.7711,18317.756,2899,0
c15dbe72-d304-43e8-a557-899aa226739d,деревня Курск,Ленинградская область,59.3233424,29.1400732,-73516.3249,-59045.1285,2252,3
f59186fa-b4db-4b2d-88b9-e3fde4a90690,г Сясьстрой,Ленинградская область,60.1397073,32.5637502,118465.4931,33097.5151,2004,1
d4789972-b71d-4e70-9af8-f4acfcf80c71,г Светогорск,Ленинградская область,61.1112542,28.8701036,-84178.6335,140437.6552,1960,2
d77089df-c8ed-464d-a26b-69ce42383a0f,г Волхов,Ленинградская область,59.9275868,32.3276803,106031.5694,9074.0283,1959,1
be1c0232-5c0a-4234-98b3-56a990f585e9,деревня Таменгонт,Ленинградская область,59.88163,29.55001,-49353.2533,2764.3248,1952,0
bca11ea6-0773-42a6-9a49-ec8bc4cf63d5,деревня Лаголово,Ленинградская область,59.70433,30.01757,-23294.875,-17244.0382,1628,0
f4a4b31f-9f0a-4fdb-804c-d67661085eb4,г Сосновый Бор,Ленинградская область,59.9024318,29.0663694,-76385.0399,5540.5808,1563,3
b1f2ce65-7a65-4acf-9206-d8e7ba67c3e1,массив Пудость,Ленинградская область,59.6158472,30.0461933,-21740.7213,-27111.1599,1292,0
d0433df5-fa04-4c32-8baa-52739c09f235,поселок Новогорелово,Ленинградская область,59.793998901636,30.17051111449,-14645.5269,-7298.0864,1272,0
d9135f5d-627e-441d-b208-9087ee0367dd,г Луга,Ленинградская область,58.735699,29.8475013,-33815.7838,-125072.7537,1272,3
d193a2f8-4ea1-406a-ba9a-698ae19caeb7,г Гатчина,Ленинградская область,59.5680407,30.1252083,-17305.2824,-32460.2581,1245,0
ef14bc6b-dd76-4264-bb40-c0fd8a60985b,г Кингисепп,Ленинградская область,59.3743982,28.5981591,-104205.5004,-52633.1882,1175,3
f25d6f40-8448-4500-a419-20072912d8d4,гп Новоселье,Ленинградская область,59.0192914,29.0604699,-78745.2833,-92818.5723,1015,3
ba1f26a7-0b32-4bc4-a718-b732efb72509,деревня Потанино,Ленинградская область,60.2707397,32.7759246,129730.4007,48087.0873,932,1
c25e2d4b-38f5-4370-9ece-c9a63051faea,массив Стеклянный,Ленинградская область,60.38443,30.238672,-10626.9401,58470.7409,908,2
d93f5974-bef7-411c-b34d-32e4e9f5bf81,тер промышленная зона Лесное (поселок Лесное),Ленинградская область,60.379234629548,30.203048925571,-12593.6201,57898.1355,856,2
dfba722d-1a54-49a3-826d-52ac8e0be2fa,деревня Городище (Цвылевское с/п),Ленинградская область,59.64582260787,33.021995831304,146063.2071,-20980.7547,852,1
dbf26986-2a4a-46ca-8508-cafe72ca2f05,тер Логистический Парк Янино (гп Янино-1),Ленинградская область,59.9485211,30.5568581,7013.8694,9895.0677,840,0
e0775ae9-f9b4-4c83-a13b-13e92b2a0726,поселок Курск,Ленинградская область,59.3233424,29.1400732,-73516.3249,-59045.1285,840,3
d73506c5-015c-4c39-929a-696ea8144e16,г Мурино,Ленинградская область,60.046193,30.4458901,809.8499,20770.3569,784,0
f574ab03-a535-42ae-a1d1-2bfa4f4855eb,промзона Большевик (деревня Разбегаево),Ленинградская область,59.7887302,29.9322415,-28027.7372,-7808.3419,766,0
e398b8cf-6336-4ef4-ba7e-3d1a2fc32cc6,тер СНТ Усть-Луга,Ленинградская область,59.6569233,28.252801,-122797.9867,-20580.3801,763,3
ce995805-0182-4f6b-870c-050845e5cabc,село Копорье,Ленинградская область,59.7046072,29.0452097,-78029.8808,-16469.9826,720,3
eb8a9d09-6728-43fe-b3d1-21a2c804b40c,г Волосово,Ленинградская область,59.4443938,29.4925158,-53261.9045,-45898.0906,716,3
e4e3bd19-68d9-4048-9a95-852b30429dc6,деревня Лужицы,Ленинградская область,59.654644,28.341923,-117784.1674,-20995.9024,660,3
f0a4b813-7189-4bd4-8a3a-aaa7fbed4711,г Высоцк,Ленинградская область,60.6280319,28.5688339,-101942.1781,87034.3426,659,2
e9a45e39-d66b-445a-b971-999a22a23cd6,поселок Усть-Луга,Ленинградская область,59.659244,28.2695087,-121848.1399,-20352.79,652,3
d27339d4-b089-46fb-a52b-53b69f518ee1,деревня Вистино,Ленинградская область,59.7736359,28.4759331,-109841.2654,-7974.891,648,3
d2122ebe-c718-4215-bc2f-088e24d2c498,деревня Горбунки,Ленинградская область,59.81423,29.98608,-24985.4055,-4989.0362,608,0
c90b9fd4-f0ad-4a04-8473-5e81fe1a0333,поселок Щеглово,Ленинградская область,60.0328029,30.7498885,17756.4503,19321.1471,596,0
ff801571-d9df-4152-8e73-036260754938,тер Промышленная зона Пески,Ленинградская область,60.090190747547,32.297451374954,103831.0635,27135.7329,569,1
c4602384-ff62-4e0f-bf4b-06a5c653702b,г Отрадное,Ленинградская область,59.772663,30.802027,20825.0585,-9645.6747,512,0
c207228b-6e5d-4670-bc25-2af932a4bd8f,г Тельмана,Ленинградская область,59.7254418,30.6118568,10155.2559,-14950.9061,468,0
e5c62df7-a3cb-457e-872c-995db0a25e44,поселок Ковалево,Ленинградская область,60.1853296,32.3925325,108805.6172,37884.3846,400,1
cd34cb78-d641-4906-94cb-4d98474dd25c,деревня Пикколово,Ленинградская область,59.702312,30.136545,-16598.0088,-17504.6554,281,0
d5987224-1336-425a-9681-9d5579e9ab89,гп Сиверский,Ленинградская область,59.3522,30.07,-20556.7425,-56489.5525,215,3
ee598bbe-20c2-46f3-9e1a-13cfef927346,гп Фёдоровское,Ленинградская область,59.6628099,30.5310899,5621.6706,-21938.1415,206,0
e2f0a5d4-b2e7-4058-adec-3922c0b22450,деревня Красный Бор,Ленинградская область,59.6785185,30.6840485,14236.7828,-20165.1939,192,0
d9576313-8e0b-424a-9694-05cb4117b1d1,гп Вырица,Ленинградская область,59.4197011,30.3582214,-4152.23,-49023.4849,176,0
c2d46706-277c-49fd-a896-7903ce930860,гп Синявино,Ленинградская область,59.9075049,31.0728782,35896.2362,5492.5832,56,0
d64c8bf5-6770-4621-853c-358a40e84980,деревня Углово,Ленинградская область,60.0680109,30.7331907,16807.7508,23239.3844,40,0
f8e86fdf-e957-431e-8446-7009b4b5d2d6,деревня Лепсари,Ленинградская область,60.13525,30.823935,21816.3656,30757.1452,40,0
cda96dc0-75b2-411b-b995-16cc63fcfa05,г Любань,Ленинградская область,59.3482192,31.2464199,46371.6039,-56704.2333,32,0
c671e577-10a3-45e9-bad6-c93ceccf8887,поселок Возрождение,Ленинградская область,60.8605,28.9617,-79865.3277,112389.1565,16,2
e48a1d26-f32a-4b9c-8aed-a1c40277191d,поселок Аннино,Ленинградская область,59.771225,30.051805,-21324.9149,-9803.0536,12,0
c9b13889-74ec-4b1a-a730-c7c22419895e,деревня Разметелево,Ленинградская область,59.901928,30.679068,13863.1652,4723.3579,4,0
e1f3d0b7-d623-4dc8-9994-5064f528aa0d,массив Карьер Мяглово,Ленинградская область,59.854456529866,30.672914989572,13538.0991,-566.6892,4,0
f81867d5-89c2-40a2-a5ab-7873964affb1,поселок Кикерино,Ленинградская область,59.4663815,29.6276066,-45568.7626,-43549.4021,4,3
