dimension,period_id,origin_fias,origin_name,destination_fias,destination_name,record_count,trip_count,backend_compatible_rub_per_km,trip_weighted_rub_per_km,mean_price,mean_route_length
by_period,202605,,,,,69,1757,69.282,61.0994,102244.2029,1475.7681
by_period,202606,,,,,67,2638,76.1812,64.2553,97754.1791,1283.1791
by_period,202607,,,,,81,2853,78.1235,70.5331,103363.2099,1323.0741
by_period,202608,,,,,6273,667972,71.4304,67.0734,100792.7834,1411.0626
by_period,202609,,,,,6273,667972,72.66,68.2281,102527.8511,1411.0626
by_period,202610,,,,,6273,667972,73.1083,68.6494,103160.3539,1411.0626
by_period,202611,,,,,6273,667972,72.7437,68.307,102645.8632,1411.0626
by_origin,,c2deb16a-0330-4f05-821f-1d09c93331e6,Санкт-Петербург,,,446,13773,245.3328,218.7218,22691.6368,92.4933
by_origin,,bb035cc3-1dc2-4627-9d25-a1bf2d4b936b,Самара,,,421,18319,63.6349,60.6406,118732.9691,1865.848
by_origin,,6d7c3e9e-8d6d-490a-a650-8257dbf5ec36,Тобольск,,,419,14872,60.6752,60.362,187056.8019,3082.9212
by_origin,,93b3df57-4c89-44df-ac42-96f05e9cd3b9,Казань,,,419,7239,65.6112,65.304,102051.9809,1555.4057
by_origin,,0c5b2444-70a0-4932-980c-b4dc0d3f02b5,Москва,,,411,36147,104.3647,103.0639,79102.3114,757.9416
by_origin,,f8804f2e-f6c7-43cb-8642-7d4f5394d60c,Малино,,,411,50715,99.5298,94.8594,84618.4915,850.1825
by_origin,,da7ef573-cdbe-458e-a790-b29ad3a3d140,Благовещенск,,,410,37517,63.5753,61.5635,130764.878,2056.8512
by_origin,,c52ea942-555e-45c6-9751-58897717b02f,Тверь,,,409,28130,113.6364,114.2637,64067.8729,563.7971
by_origin,,efc02a6a-273b-4a49-aef9-a5606ef8591c,Серпухов,,,408,31949,103.1681,101.4823,87492.1078,848.0539
by_origin,,061cd8e0-b7bd-4a31-944e-a6e3da93631d,Верхняя Пышма,,,407,96281,62.3061,54.4172,153827.027,2468.8919
by_origin,,1e90ec38-0f85-442b-ac1b-ca687fa91d88,Зеленодольск,,,407,72037,69.3588,69.3249,105969.3857,1527.8428
by_origin,,555e7d61-d9a7-4ba6-9770-6caa8198c483,Нижний Новгород,,,406,31650,74.2296,71.7748,86021.0837,1158.8522
by_origin,,748d7afa-7407-4876-9f40-764ecdd09bbd,Набережные Челны,,,406,33786,71.0132,65.3173,126680.936,1783.9064
by_origin,,d0a6a8f3-7497-495a-9632-5a969555f86b,ОЭЗ Алабуга,,,405,55573,68.5444,63.5378,120063.8025,1751.6198
by_origin,,bd10eef0-b2e0-4491-ad72-9f12e9480f7e,Ворсино,,,404,18014,111.026,105.4344,91544.2327,824.5297
by_origin,,e3b0eae8-a4ce-4779-ae04-5c0797de66be,Томск,,,403,92087,46.384,46.1222,198286.2779,4274.8834
by_origin,,6b849aa8-0782-4c26-b7ac-a0f413f306c0,Нижнекамск,,,403,18543,74.0224,66.5331,132870.5707,1795.005
by_origin,,d1d28f0b-8436-4b92-bfd4-ada6fd02d158,Гидроторф,,,402,47687,76.1114,73.6607,87604.602,1151.005
by_origin,,2763c110-cb8b-416a-9dac-ad28a55b4402,Екатеринбург,,,402,17413,70.6433,60.9762,173306.7413,2453.2662
by_origin,,2365151a-7a78-4af5-a8fb-a4faff856df5,Клин,,,402,58178,110.8754,108.4497,73806.0448,665.6667
by_origin,,a309e4ce-2f36-4106-b1ca-53e0f48a6d95,Пермь,,,402,48795,47.7068,47.7955,100025.1741,2096.6667
by_origin,,cda74a83-ae08-4ba2-b01c-c6fc373222cb,Новокуйбышевск,,,402,72807,59.4274,57.1394,111731.9652,1880.1418
by_origin,,d790c72e-479b-4da2-90d7-842b1712a71c,Курск,,,401,31685,84.1309,83.2346,107385.0623,1276.404
by_origin,,b502ae45-897e-4b6f-9776-6ff49740b537,Калуга,,,401,19037,100.8986,99.7842,91034.7132,902.2394
by_origin,,a863ac33-3a58-4efc-80a3-b37e1ed7dfc0,Малино,,,400,43224,108.7558,107.1016,113656.375,1045.06
by_origin,,6f88d420-8ca3-4fe2-adc8-be9b08c3ff87,Малино,,,400,64728,104.364,105.1919,100612.125,964.05
by_origin,,111e2cce-10aa-4667-ac59-69ff0a4410b8,Казань,,,400,18132,63.243,63.1902,98007.725,1549.7
by_origin,,e7fc9328-fdc9-42c5-9051-966c9ab12696,Казань,,,400,22780,64.5496,64.4757,94301.75,1460.92
by_origin,,d393a779-b266-4d09-9bcd-58e1bdcabcea,Самара,,,400,29812,100.1607,99.8146,99342.425,991.83
by_origin,,553db494-e64b-4bda-b52d-f4ac0dac0462,Самара,,,400,28880,110.0778,106.8606,33911.675,308.07
by_origin,,72c043c6-01a7-4c62-b782-ab6fe72ad3a3,Ступино,,,400,51740,86.9774,86.6153,89398.8,1027.84
by_origin,,fd56766e-f87c-4c74-9139-2188909c903d,Ступино,,,400,71072,86.9205,85.3376,85229.925,980.55
by_origin,,e40e562f-5dac-4b81-8ed6-351bded52d72,Ступино,,,400,119860,76.6349,76.8391,89991.55,1174.29
by_origin,,4c35e5c8-1774-4590-b35d-b8434becb4d7,Ступино,,,400,23360,101.0429,104.0244,76450.1,756.61
by_origin,,f516f0a9-3882-42fb-ae68-87a433e83e06,Ступино,,,400,68440,104.6603,101.0885,89944.05,859.39
by_origin,,c30608ce-3494-44f0-853b-47245e02c54a,Казань,,,400,22320,57.7246,57.6249,98100.625,1699.46
by_origin,,1966eb14-be1f-4929-9499-1695df51302b,Самарское,,,400,29492,57.8648,57.7589,146363.175,2529.4
by_origin,,5d402bfa-4863-4830-8cd3-beadf7ba126e,Самарское,,,400,60828,71.9917,71.3074,133740.475,1857.72
by_origin,,a2b09905-6ed5-4f80-a6c1-dfd714316054,Клин,,,400,46080,100.878,100.2177,93206.2,923.95
by_origin,,382c22c2-49be-4f28-89f6-71a416069349,Клин,,,400,35948,82.6773,81.8357,90316.65,1092.4
by_origin,,1b19c017-e0bb-4104-b10f-94a2cb5fbc62,Ступино,,,400,114100,88.7285,87.9841,164191.2,1850.49
by_origin,,0cc5b35f-9d25-417e-8d2e-a0fd857c0721,Клин,,,400,20980,106.3071,105.8968,55254.2,519.76
by_origin,,6973d599-19c1-494a-8458-8dab91e5015c,Клин,,,400,9640,80.8862,80.9787,50215.775,620.82
by_origin,,e550bfd2-86bc-4764-9acf-130da638c526,Клин,,,400,38684,90.1694,90.2312,37047.9,410.87
by_origin,,0420351f-e979-4db6-85dc-fdfcc8d380c8,Клин,,,400,60080,80.5964,78.2165,28254.675,350.57
by_origin,,f1c72b9d-a2d7-45b7-b9f5-2222c12d5164,Москва,,,400,22220,58.2109,58.0706,95215.55,1635.7
by_origin,,c15dbe72-d304-43e8-a557-899aa226739d,Курск,,,400,11056,150.1238,150.4818,25397.95,169.18
by_origin,,1335f20d-3475-4fbc-b6e3-306a3ea558ca,Преображенка,,,400,56924,60.9637,59.2623,114273.475,1874.45
by_origin,,b3660be7-70e5-4afa-bd45-803490ecf579,Преображенка,,,400,65920,61.542,60.2995,115025.025,1869.05
by_origin,,efaff568-29a6-49f8-a766-178ae997552e,Преображенка,,,400,20968,58.3879,59.124,109865.5,1881.65
by_origin,,d80a97db-8053-48ad-869e-ee6e347aacdb,Ворсино,,,400,30816,87.3319,86.2121,96415.325,1104.01
by_origin,,2e299931-e328-4918-bcd7-f59ca219ccaf,Преображенка,,,400,24352,65.2342,61.9854,138405.4,2121.67
by_origin,,5d7b2eb3-1fb0-404f-9aa6-64b5e1a78191,Зеленодольск,,,400,30400,57.0567,57.0567,157849.15,2766.53
by_origin,,96fe63dd-2802-415b-8b73-e06c2147ceef,Криводановка,,,400,123284,46.3834,43.5857,185826.875,4006.32
by_origin,,7baaac39-aa31-4712-893d-51ef80124a86,Сергиев Посад,,,400,30656,102.8908,101.6714,79929.725,776.84
by_origin,,48d6df3d-d485-42e1-9f94-c1b0af5c5b0c,Клин,,,400,120880,93.2941,92.0808,126159.725,1352.28
by_origin,,82d4c783-5080-4faa-9cec-ba9152bc9fc8,Елабуга,,,400,44104,71.8007,66.6871,125788.4,1751.91
by_origin,,0aa27072-35fc-40a1-a12b-8dbd7b8121c8,Красноярск,,,400,30400,57.2109,57.2109,154120.575,2693.9
by_origin,,ff70ee32-50ae-4994-acc1-51289dc92d7c,Воронеж,,,400,37796,87.5349,86.7661,92626.8,1058.17
by_origin,,a4c1f3dc-ef2f-4b0c-a80f-e53a7600ceb3,Ворсино,,,400,18072,111.0269,105.4847,91505.075,824.17
by_origin,,e0775ae9-f9b4-4c83-a13b-13e92b2a0726,Курск,,,400,11056,150.9065,151.1033,25329.65,167.85
by_origin,,27c5bc66-61bf-4a17-b0cd-ca0eb64192d6,Балашиха,,,352,31156,104.3744,103.7317,80498.7784,771.25
by_origin,,5bf5ddff-6353-4a3d-80c4-6fb27f00c6c1,Воронеж,,,343,36652,98.4005,92.8973,127610.5831,1296.8484
by_origin,,140e31da-27bf-4519-9ea0-6185d681d44e,Омск,,,7,10,56.4651,58.6997,194102.8571,3437.5714
by_destination,,,,52da70f1-08b0-4b4c-9d22-d67a62bc2aa5,г Кириши,260,16560,73.6402,67.8821,98089.6154,1332.0115
by_destination,,,,a5554286-fefd-4ae9-b846-8d21ed304c08,деревня Новосаратовка,256,30093,72.8136,62.788,98890.5078,1358.1328
by_destination,,,,a4a3e3af-ce5a-4eba-9aae-36c350fa7fec,г Выборг,253,32615,71.3661,67.3772,107284.0711,1503.2925
by_destination,,,,7db77c8e-fb17-4f25-999b-95732a3baef5,г Бугры,252,32955,69.8708,66.1556,96270.0794,1377.8294
by_destination,,,,765cbc20-351b-4645-acfa-34472f970dab,поселок Ларионово,252,37644,69.4125,67.9185,105904.7222,1525.7302
by_destination,,,,86ec26f6-d980-4c40-b4ce-77e1638ec8ad,г Тихвин,252,19430,73.0392,68.6943,96619.3254,1322.8413
by_destination,,,,5f52edf9-92aa-4e69-9314-e629c45ec1d5,г Лодейное Поле,252,16820,72.4685,67.9324,112036.3095,1546.0
by_destination,,,,1a12dc30-ca4c-480f-89dd-31452648b493,г Бокситогорск,252,23368,73.9331,71.7692,100477.4603,1359.0317
by_destination,,,,0a243487-acce-4775-979a-5a08e8c62da6,г Пикалево,252,23544,73.5118,69.6842,99679.6429,1355.9683
by_destination,,,,6d13b512-6d25-413a-ab29-3d9ade960f3a,г Подпорожье,252,25672,72.7327,69.866,115378.254,1586.3333
by_destination,,,,438104d1-e43e-4f9f-a42f-ff979833396f,деревня Самойлово,252,23428,73.5512,69.6747,99403.9286,1351.4921
by_destination,,,,758b0ebf-8b63-405d-8f12-177461ab5a31,гп Мга,251,18817,71.3084,67.9177,97263.2669,1363.9801
by_destination,,,,1ef24331-e6d4-4d7f-8064-88b9a997791c,тер Южная часть промзоны Горелово,251,30652,71.6737,63.8695,99345.4183,1386.0797
by_destination,,,,42ea1577-d345-4773-96e1-746a3f0e3ee4,гп Красный Бор,251,23231,71.9801,69.3023,98278.008,1365.3506
by_destination,,,,a4ae9883-686b-40a9-86f4-aefb68b414d1,гп Рощино,250,26569,71.1239,68.7173,102706.96,1444.056
by_destination,,,,9a3a5092-348e-4f1d-9543-35253b5c9fa4,деревня Аннолово,249,21886,72.8753,69.0641,98843.494,1356.3373
by_destination,,,,144cffd1-1d6d-46a3-a0d1-f57a4d487487,деревня Низино,248,20348,73.8153,70.1112,103672.4597,1404.4839
by_destination,,,,1585eb89-9bde-472a-b15c-dcbc1fa329db,поселок Волхов,248,33172,71.2289,68.8634,103715.0403,1456.0806
by_destination,,,,2a213780-2446-4ba6-91e3-6e6ac994a867,поселок Пески,248,35948,70.1992,67.2812,102567.8226,1461.0968
by_destination,,,,4ef03615-75bd-4fdd-b767-6350984b3ad1,тер Производственно-административная зона Порзолово,248,40180,71.2276,66.3911,99511.8548,1397.0968
by_destination,,,,92b8d45b-e0a2-4b25-9032-9f17dfa4c66f,поселок Ропша,248,36104,72.1754,71.5803,100500.7258,1392.4516
by_destination,,,,50e5b018-358f-4bfa-8c59-827e213d5764,поселок Оредеж,248,16468,74.5104,69.5209,102883.1855,1380.7903
by_destination,,,,2145f2cb-3ec2-4c1d-bd52-f84b2858c6a9,г Новая Ладога,248,26100,72.1428,70.0356,103820.4839,1439.0968
by_destination,,,,8417e81e-2205-4c93-a8bd-1fd2cbc97c04,деревня Бор,248,16464,73.3222,67.9034,98237.5403,1339.8065
by_destination,,,,a1535e5e-c151-431a-a4c4-954d4545e37a,г Кировск,248,16632,73.2174,68.8557,104479.7984,1426.9798
by_destination,,,,9c7205ca-dfc9-4dce-99fa-226500d875eb,поселок Кутузовское,248,35924,69.7847,68.1578,106187.5,1521.6452
by_destination,,,,8fbead84-4fdc-4317-bf64-dc0fef08dc2f,деревня Кипень,247,36556,71.8424,71.7469,99074.413,1379.0526
by_destination,,,,165119d1-6555-4473-8b90-46ec517b4076,г Тосно,247,18790,71.2013,66.8306,97305.0202,1366.6194
by_destination,,,,6434dbe8-6886-48f7-8ce3-3a90288fc28f,гп Янино-1,245,31070,70.7165,62.9603,98373.0612,1391.0898
by_destination,,,,7be8f0b5-87ee-4597-8910-55d1ba108143,деревня Новолисино,244,17712,71.9511,67.8997,96909.877,1346.8852
by_destination,,,,300deaa9-c677-4b8b-8a97-8e1c311f08c1,деревня Узигонты,244,35680,71.5621,67.5556,100243.2787,1400.7869
by_destination,,,,24c8fd3a-100b-4d7b-a170-c054a2f395b9,деревня Янино-2,244,32296,70.2176,62.8618,98219.5082,1398.7869
by_destination,,,,553db494-e64b-4bda-b52d-f4ac0dac0462,деревня Самара,244,30856,71.9842,67.0213,103803.6066,1442.0328
by_destination,,,,9318402f-09e3-43c8-b72b-c1b991500aa0,деревня Зимитицы,244,32316,72.1213,72.3065,104387.9508,1447.3934
by_destination,,,,366e3ffc-89e5-4334-aba9-63ac643464a5,деревня Коркино,244,15772,73.3066,66.8885,97062.7869,1324.0656
by_destination,,,,7538747b-c291-457a-bac1-68e5aff83360,деревня Бор,244,32448,71.9293,69.3233,96914.7131,1347.3607
by_destination,,,,a354738c-dc1b-4871-9ed9-1df77c8b65a0,деревня Томилино,244,27240,70.9585,68.6969,105839.8361,1491.5738
by_destination,,,,98cd19c4-e172-4fa3-a81d-7caedeec669b,г Кудрово,244,31888,71.0289,62.2341,98860.5328,1391.8361
by_destination,,,,0c87fa9a-6b31-4924-8c1c-0e6dbc9802a1,деревня Аропаккузи,244,35732,71.8506,72.201,99195.0,1380.5738
by_destination,,,,24dbd01a-1184-4cf8-a3ba-c0bdd4852b71,деревня Велигонты,244,26100,72.1803,68.0662,100945.9836,1398.5246
by_destination,,,,2481847d-4222-495d-bf27-cec9ee31baed,поселок Первомайское,244,31184,70.9305,67.7556,102760.8197,1448.7541
by_destination,,,,0ed903b7-3031-45be-b523-632293057ae4,гп Кузьмоловский,243,33659,70.2645,65.9019,99038.8889,1409.5144
by_destination,,,,9441a644-199e-4172-9234-9ad6658c7d5a,гп имени Свердлова,242,29070,71.3007,63.3863,97844.2975,1372.2769
by_destination,,,,a203a874-0d05-4e12-9505-539f310849a4,п/р Центральное отделение,241,29237,71.3473,62.7685,98910.7054,1386.3278
by_destination,,,,6baabc82-cb12-414e-b00e-f61374a4b6cb,деревня Ям-Ижора,241,21553,72.29,69.4779,100349.917,1388.1577
by_destination,,,,21c207c8-7ba1-4ea9-920e-6a3ad08b0fd3,гп Дубровка,240,38700,69.9864,66.0411,99129.9583,1416.4167
by_destination,,,,43cb88de-fa89-4027-b3ef-84deb2d32ce5,г Никольское,240,18196,71.4474,68.4055,95824.125,1341.1833
by_destination,,,,59a9c284-72fb-49e6-8380-10ca044d0bd7,г Приозерск,240,15116,71.8192,62.0979,109614.0417,1526.25
by_destination,,,,2d65a312-1951-4206-88e7-828b3e980fff,деревня Суоранда,240,31124,70.2204,62.7982,98324.875,1400.2333
by_destination,,,,3d024505-fbb8-4b87-ae77-89bd7ac79258,деревня Мелехово,240,15704,72.3326,65.0686,96977.5417,1340.7167
by_destination,,,,10b761cb-8804-446e-b960-c9c4c132495a,деревня Ополье,240,13764,78.0049,71.8619,114795.875,1471.65
by_destination,,,,58399f33-3e18-4921-950a-ac0fa5f9e97c,г Каменногорск,240,24276,68.802,63.4329,107468.75,1562.0
by_destination,,,,554a3a96-63bd-4eee-ac94-eb7e87723da4,гп Ульяновка,240,17624,71.1218,67.7196,96558.4583,1357.65
by_destination,,,,3a48b53f-a717-4d52-8736-f0ad70bab54b,мкр Сертолово-1,240,30264,71.0283,66.8454,98893.9167,1392.3167
by_destination,,,,40cd4458-b83b-4ff4-a5bf-d943a9ae6cb5,массив Проба,240,32208,71.3219,67.9571,98539.5417,1381.6167
by_destination,,,,5d74147e-3c58-4600-9169-8da0330f672b,тер Северная часть промзоны Горелово,240,25544,71.6569,68.8755,100744.7917,1405.9333
by_destination,,,,16a06c55-d7c2-42e9-966a-f7fbdfd7632e,поселок Алексеевка,240,14508,78.2066,71.8864,115409.4167,1475.7
by_destination,,,,7b3bea05-858e-44b9-a5f4-b2ea010c157f,массив Рахья,240,34204,70.7578,67.6011,99330.9583,1403.8167
by_destination,,,,5bbcc18f-8c45-413a-95ca-3319c2f5838d,деревня Порошкино,240,32640,70.4611,66.0841,99044.7917,1405.6667
by_destination,,,,459dca99-04ff-44fb-af9f-7e2100ec28ac,г Коммунар,239,17803,71.3344,68.1881,97891.9247,1372.2971
by_destination,,,,878aa7cc-76f0-42c8-90f5-3489f43c169c,г Приморск,236,30428,71.0253,66.9683,108170.2542,1522.9831
by_destination,,,,897cad81-a442-46c1-81ef-a032325e719e,кв-л Лесной (деревня Лепсари),236,34164,70.5075,67.9924,97912.161,1388.678
by_destination,,,,063144da-2812-49ac-8fa7-0914d366551e,поселок Стеклянный,236,24760,70.8409,65.6388,102443.0932,1446.1017
by_destination,,,,894c8c23-0148-4810-9858-d3fa1c355430,деревня Малая Романовка,236,31184,70.8476,68.0844,97613.5169,1377.7966
by_destination,,,,27901133-846d-4914-919b-7bda53fc2bab,гп Рахья,236,34164,70.3886,67.9153,98948.5169,1405.7458
by_destination,,,,001aa09a-cb0f-46b7-8609-0f27c4c5e011,деревня Проба,236,32168,70.9545,68.2953,98234.661,1384.4746
by_destination,,,,718ef648-aafc-4866-b515-afe87bf6de1d,деревня Выра,233,20631,72.5787,71.1851,104430.7725,1438.8627
by_destination,,,,103454e7-358f-4d78-8ee9-b1bb01d767d0,поселок Елизаветино,232,19672,72.6461,70.9095,104027.9741,1431.9828
by_destination,,,,75eeb581-89d6-4e88-b846-34cec0707743,деревня Малое Верево,232,26276,70.6161,69.2489,101541.0776,1437.931
by_destination,,,,8e329ed3-79c5-4cee-97c5-09a0f65eddc6,поселок Свердлово,232,31180,71.154,67.3056,109786.8966,1542.9483
by_destination,,,,57526f74-be0c-4705-827b-31fd24230efa,деревня Ёксолово,232,32932,70.7099,68.0884,97013.9224,1372.0
by_destination,,,,6650c1c4-31ea-463a-a136-c4bdd6c1e5e0,поселок Терволово,232,37856,70.3019,68.6404,98519.569,1401.3793
by_destination,,,,1b0b169c-5a79-48b7-b340-8b64e560f080,деревня Новое Девяткино,230,30834,70.3438,65.6813,96902.5217,1377.5565
by_destination,,,,18c52730-daf5-4ecb-83a5-cf3bcecbfd8c,поселок Пудость,229,19993,72.9324,65.5045,103488.1659,1418.9607
by_destination,,,,6d0bcb5c-9df2-48a2-bac6-fa0f3e8baf1e,поселок Войсковицы,228,18388,72.3297,70.4037,104248.6404,1441.2982
by_destination,,,,04ad058c-cf95-40c1-8983-283b946a45f2,деревня Захонье,228,15128,76.512,71.6189,112528.9474,1470.7368
by_destination,,,,6e564b1c-cf49-432e-8f60-eb618641d2ef,деревня Агалатово,228,34708,70.5719,65.2219,98768.5088,1399.5439
by_destination,,,,67abcf73-502d-4be8-850d-cede0b4022ef,деревня Большие Колпаны,228,18396,72.611,70.4786,104227.3246,1435.4211
by_destination,,,,0aac0ee1-9e4a-44ca-889f-b3510ab9fcdf,деревня Малые Колпаны,228,18380,72.3546,70.4208,104063.6404,1438.2456
by_destination,,,,79b806cd-e36c-48fc-b82c-8cbb5cfd9450,г Сертолово,228,32076,70.0689,65.3164,97395.7895,1390.0
by_destination,,,,8556dcea-b116-4dc0-a35c-364d3b8ab894,массив Рождествено,228,21056,72.5428,70.978,104912.1053,1446.2105
by_destination,,,,1945cdaf-6a79-4ace-b42a-eda819d3e7e8,деревня Шундорово,228,19028,71.9382,71.508,104368.4211,1450.807
by_destination,,,,8a8d3a4d-81bc-4486-84bd-66bbd744f5ff,деревня Вартемяги,228,34068,70.1994,65.4765,98429.4737,1402.1404
by_destination,,,,8e8b9677-ffe0-4522-bd68-1b128768fa30,г Колтуши,228,22956,72.5711,68.6498,100123.9912,1379.6667
by_destination,,,,1ece4f45-41b7-4381-9e00-5f6c6361ac21,деревня Мяглово,226,22702,72.6333,68.9549,98454.7788,1355.5044
by_destination,,,,5a543514-a133-431c-919e-8a61c2261783,г Шлиссельбург,225,16758,73.7701,73.3566,102640.8,1391.36
by_destination,,,,70c7dd11-0cfc-4feb-9b0d-236dadcb1ee3,деревня Лупполово,224,31064,69.8773,65.0871,97564.9107,1396.2321
by_destination,,,,1667a6fb-e5ae-43d5-b00a-7d7249a56cf4,гп Толмачево,224,19912,74.1575,71.2347,105695.625,1425.2857
by_destination,,,,6c86f6dd-57cb-43bb-80d3-b27e7a573d32,поселок Плоское,224,19912,74.1463,71.2254,105801.4286,1426.9286
by_destination,,,,2cb032f4-7088-4ff6-aeca-3476d2710df6,деревня Косколово,224,12096,76.776,68.0483,118509.2857,1543.5714
by_destination,,,,743d20cc-7b70-4859-95df-31db554e282a,село Павлово,224,23616,72.2007,68.7567,99883.2143,1383.4107
by_destination,,,,17cecc8c-1ac1-4086-b88d-8dc2a54e8b38,поселок Торфяное,224,18328,72.6257,71.2406,102750.8036,1414.7991
by_destination,,,,856a5b3f-01ed-44c5-8fa0-2b0b9087830f,гп имени Морозова,224,17448,73.0687,69.4071,102020.8482,1396.2321
by_destination,,,,2e8c138f-b320-4115-8af3-7efadb511f68,деревня Малое Карлино,224,23504,71.2759,69.9316,102153.6607,1433.2143
by_destination,,,,660e6dff-a44b-4360-9064-1e9fa479785e,местечко Карьер-Мяглово,224,22952,72.339,68.985,99935.0893,1381.4821
by_destination,,,,294c9ce2-295f-4e7c-b7f0-036cf22c2ba9,деревня Старая Пустошь,224,25068,71.7999,68.6426,99681.2946,1388.3214
by_destination,,,,752d9929-945c-4464-ae38-20a626108da9,г Ивангород,220,11844,76.4998,67.5455,118157.4545,1544.5455
by_destination,,,,0540b577-dc2b-4a72-a80a-9da447509e2b,поселок Пригородный,219,17898,71.8493,70.6763,103488.5388,1440.3562
by_destination,,,,6df13b2d-711f-4c31-abfe-ca1636ace486,деревня Куровицы,216,11844,76.4691,67.7454,118585.1852,1550.7593
by_destination,,,,77837ef2-428b-4a6b-ab26-750e1e9327e7,деревня Бор,212,14204,73.8845,66.9547,105458.2547,1427.3396
by_destination,,,,a69e1fe5-684d-4997-8ac8-c1694f8c1871,поселок Сосново,129,19535,75.95,76.2646,101171.2403,1332.0775
by_destination,,,,a7de8a21-caf5-4011-a44f-6bb22f765d42,гп Форносово,108,6268,81.5386,73.218,94965.2778,1164.6667
by_destination,,,,a82ba7ec-d662-484e-8059-66a834bc3015,массив Щеглово,92,13232,81.3948,81.6822,90089.8913,1106.8261
by_destination,,,,a7a1a8e5-45b2-4542-b718-0976702ccd90,г Сланцы,85,4266,85.0275,81.873,128622.5882,1512.7176
by_destination,,,,a928489e-6b6e-4cee-a1b1-8166238c6cd2,деревня Пески,68,9876,75.3576,71.8158,98182.0588,1302.8824
by_destination,,,,aa51eb68-bde3-4251-81d5-4ae6e397d3da,гп Кузнечное,68,3724,75.7944,69.8843,106245.8824,1401.7647
by_destination,,,,b2f908fc-0772-4006-bbea-cf7dc5b406c0,гп Лесогорский,65,3966,69.0694,68.3822,103473.3846,1498.1077
by_destination,,,,ab287028-29c0-4fb9-bcb7-fc44ffd4b4ac,деревня Разбегаево,64,10908,76.4566,69.3485,95183.75,1244.9375
by_destination,,,,ad8c8e4d-38c7-4993-9f38-4c26fb384675,деревня Никольское,52,5108,77.8376,74.8295,97494.6154,1252.5385
by_destination,,,,b2fa82b5-f00b-4565-8e86-e319e1e6e6ca,поселок Романовка,44,3584,81.7726,85.2208,83883.8636,1025.8182
by_destination,,,,b3233f8e-41fe-44a9-a3d4-891ccc5ef943,поселок Ермилово,44,5664,75.2263,81.4805,112955.6818,1501.5455
by_destination,,,,b49ae2f7-8aa4-43e0-87e7-26c6b39d318d,промзона Северная часть Горелово,36,2500,79.6548,93.6541,111065.2778,1394.3333
by_destination,,,,c70a5280-c482-4f6e-801a-cdd6851eab50,г Всеволожск,34,2899,78.684,75.4781,105124.1176,1336.0294
by_destination,,,,b1f2ce65-7a65-4acf-9206-d8e7ba67c3e1,массив Пудость,32,1292,82.29,73.2818,114506.5625,1391.5
by_destination,,,,ba1f26a7-0b32-4bc4-a718-b732efb72509,деревня Потанино,32,932,89.2315,86.166,106888.125,1197.875
by_destination,,,,be1c0232-5c0a-4234-98b3-56a990f585e9,деревня Таменгонт,32,1952,82.0885,72.0553,120177.5,1464.0
by_destination,,,,bca11ea6-0773-42a6-9a49-ec8bc4cf63d5,деревня Лаголово,28,1628,87.0211,98.4494,102734.6429,1180.5714
by_destination,,,,bd52d0bd-e679-4adf-b8f5-3c9effdaf3ad,деревня Новосергиевка,24,5180,72.3956,53.9704,109220.8333,1508.6667
by_destination,,,,d193a2f8-4ea1-406a-ba9a-698ae19caeb7,г Гатчина,22,1245,66.2911,83.1871,126432.2727,1907.2273
by_destination,,,,c15dbe72-d304-43e8-a557-899aa226739d,деревня Курск,20,2252,82.6951,82.8956,113573.5,1373.4
by_destination,,,,c0baa3bb-d8f7-497a-9193-3ed2b3c9dab2,деревня Заневка,20,4776,69.5481,52.6241,114573.5,1647.4
by_destination,,,,d4789972-b71d-4e70-9af8-f4acfcf80c71,г Светогорск,17,1960,75.8202,84.5399,98798.2353,1303.0588
by_destination,,,,d77089df-c8ed-464d-a26b-69ce42383a0f,г Волхов,16,1959,78.66,88.6797,98364.375,1250.5
by_destination,,,,c207228b-6e5d-4670-bc25-2af932a4bd8f,г Тельмана,16,468,88.9483,75.2169,110585.0,1243.25
by_destination,,,,d9135f5d-627e-441d-b208-9087ee0367dd,г Луга,15,1272,78.6365,83.6837,92660.0,1178.3333
by_destination,,,,d5987224-1336-425a-9681-9d5579e9ab89,гп Сиверский,13,215,80.5417,65.2528,132212.3077,1641.5385
by_destination,,,,f4a4b31f-9f0a-4fdb-804c-d67661085eb4,г Сосновый Бор,12,1563,105.8698,99.7815,81960.8333,774.1667
by_destination,,,,c25e2d4b-38f5-4370-9ece-c9a63051faea,массив Стеклянный,12,908,89.3324,86.0378,83853.3333,938.6667
by_destination,,,,c4602384-ff62-4e0f-bf4b-06a5c653702b,г Отрадное,12,512,82.9439,70.6607,120213.3333,1449.3333
by_destination,,,,e4e3bd19-68d9-4048-9a95-852b30429dc6,деревня Лужицы,12,660,107.3597,93.2043,172169.1667,1603.6667
by_destination,,,,ef14bc6b-dd76-4264-bb40-c0fd8a60985b,г Кингисепп,11,1175,103.2175,94.1611,84779.0909,821.3636
by_destination,,,,e9a45e39-d66b-445a-b971-999a22a23cd6,поселок Усть-Луга,10,652,103.0756,92.6306,101179.0,981.6
by_destination,,,,f0a4b813-7189-4bd4-8a3a-aaa7fbed4711,г Высоцк,10,659,71.5624,91.8958,95865.0,1339.6
by_destination,,,,e398b8cf-6336-4ef4-ba7e-3d1a2fc32cc6,тер СНТ Усть-Луга,10,763,97.7072,89.6527,193773.0,1983.2
by_destination,,,,ee598bbe-20c2-46f3-9e1a-13cfef927346,гп Фёдоровское,10,206,88.6104,109.3724,83409.0,941.3
by_destination,,,,c90b9fd4-f0ad-4a04-8473-5e81fe1a0333,поселок Щеглово,9,596,87.378,72.2518,103678.8889,1186.5556
by_destination,,,,f574ab03-a535-42ae-a1d1-2bfa4f4855eb,промзона Большевик (деревня Разбегаево),9,766,96.8177,102.6392,112566.6667,1162.6667
by_destination,,,,d73506c5-015c-4c39-929a-696ea8144e16,г Мурино,8,784,68.0239,68.3695,109552.5,1610.5
by_destination,,,,ce995805-0182-4f6b-870c-050845e5cabc,село Копорье,8,720,105.0645,97.8817,201618.75,1919.0
by_destination,,,,d2122ebe-c718-4215-bc2f-088e24d2c498,деревня Горбунки,8,608,81.284,102.1486,130013.75,1599.5
by_destination,,,,cda96dc0-75b2-411b-b995-16cc63fcfa05,г Любань,8,32,87.8853,79.5732,154810.0,1761.5
by_destination,,,,d9576313-8e0b-424a-9694-05cb4117b1d1,гп Вырица,8,176,80.4554,67.2167,147313.75,1831.0
by_destination,,,,d0433df5-fa04-4c32-8baa-52739c09f235,поселок Новогорелово,8,1272,72.6015,85.5783,115363.75,1589.0
by_destination,,,,dbf26986-2a4a-46ca-8508-cafe72ca2f05,тер Логистический Парк Янино (гп Янино-1),8,840,64.2384,63.5273,102588.75,1597.0
by_destination,,,,dfba722d-1a54-49a3-826d-52ac8e0be2fa,деревня Городище (Цвылевское с/п),8,852,75.0401,83.1479,133196.25,1775.0
by_destination,,,,d93f5974-bef7-411c-b34d-32e4e9f5bf81,тер промышленная зона Лесное (поселок Лесное),8,856,71.1886,78.8128,118066.25,1658.5
by_destination,,,,d27339d4-b089-46fb-a52b-53b69f518ee1,деревня Вистино,8,648,102.9816,92.6847,204727.5,1988.0
by_destination,,,,c671e577-10a3-45e9-bad6-c93ceccf8887,поселок Возрождение,8,16,93.0482,103.5582,104818.75,1126.5
by_destination,,,,f59186fa-b4db-4b2d-88b9-e3fde4a90690,г Сясьстрой,8,2004,92.8899,90.8956,101853.75,1096.5
by_destination,,,,e0775ae9-f9b4-4c83-a13b-13e92b2a0726,поселок Курск,8,840,100.8999,94.9126,108063.75,1071.0
by_destination,,,,f25d6f40-8448-4500-a419-20072912d8d4,гп Новоселье,6,1015,95.972,105.2614,78905.0,822.1667
by_destination,,,,ff801571-d9df-4152-8e73-036260754938,тер Промышленная зона Пески,5,569,109.5498,105.1385,64240.0,586.4
by_destination,,,,cd34cb78-d641-4906-94cb-4d98474dd25c,деревня Пикколово,5,281,72.0339,74.9759,91022.0,1263.6
by_destination,,,,e48a1d26-f32a-4b9c-8aed-a1c40277191d,поселок Аннино,4,12,74.5769,74.5769,183757.5,2464.0
by_destination,,,,f8e86fdf-e957-431e-8446-7009b4b5d2d6,деревня Лепсари,4,40,127.273,127.273,96727.5,760.0
by_destination,,,,c2d46706-277c-49fd-a896-7903ce930860,гп Синявино,4,56,94.4887,94.4887,71150.0,753.0
by_destination,,,,d64c8bf5-6770-4621-853c-358a40e84980,деревня Углово,4,40,127.7064,127.7064,95907.5,751.0
by_destination,,,,c9b13889-74ec-4b1a-a730-c7c22419895e,деревня Разметелево,4,4,115.5685,115.5685,84365.0,730.0
by_destination,,,,e1f3d0b7-d623-4dc8-9994-5064f528aa0d,массив Карьер Мяглово,4,4,115.4297,115.4297,84610.0,733.0
by_destination,,,,e5c62df7-a3cb-457e-872c-995db0a25e44,поселок Ковалево,4,400,104.5929,104.5929,77085.0,737.0
by_destination,,,,e2f0a5d4-b2e7-4058-adec-3922c0b22450,деревня Красный Бор,4,192,84.0197,84.0197,149555.0,1780.0
by_destination,,,,f81867d5-89c2-40a2-a5ab-7873964affb1,поселок Кикерино,4,4,107.6108,107.6108,133545.0,1241.0
by_destination,,,,eb8a9d09-6728-43fe-b3d1-21a2c804b40c,г Волосово,4,716,97.7629,97.7629,127385.0,1303.0
